PLAYER_ID,OFF_RATING,DEF_RATING,NET_RATING,AST_PCT,AST_TO,AST_RATIO,OREB_PCT,DREB_PCT,REB_PCT,TM_TOV_PCT,EFG_PCT,TS_PCT,PIE,SEASON
201166,98.5,115.7,-17.2,0.161,1.82,19.0,0.036,0.057,0.046,10.5,0.486,0.508,0.044,17-18
203932,106.3,108.3,-2.0,0.111,1.27,11.3,0.044,0.191,0.116,8.9,0.5,0.53,0.113,17-18
1626151,98.1,112.2,-14.1,0.072,3.67,12.1,0.015,0.091,0.049,3.3,0.341,0.392,0.022,17-18
1628935,88.1,107.8,-19.8,0.053,1.0,8.3,0.056,0.031,0.044,8.3,0.389,0.405,-0.01,17-18
1627846,97.1,107.3,-10.3,0.078,0.76,11.5,0.024,0.111,0.067,15.0,0.413,0.439,0.033,17-18
203940,103.5,115.9,-12.4,0.0,0.0,0.0,0.044,0.226,0.118,13.3,0.8,0.831,0.12,17-18
201143,108.9,101.6,7.3,0.225,2.57,26.6,0.047,0.178,0.115,10.3,0.553,0.575,0.134,17-18
2744,105.4,107.2,-1.8,0.098,1.43,11.1,0.061,0.227,0.144,7.7,0.534,0.563,0.135,17-18
202329,109.6,104.4,5.2,0.056,1.06,10.8,0.045,0.198,0.121,10.1,0.503,0.522,0.09,17-18
1626210,90.9,90.8,0.1,0.195,1.14,21.6,0.039,0.26,0.148,18.9,0.389,0.455,0.089,17-18
202692,104.3,105.3,-1.0,0.104,1.12,11.3,0.019,0.168,0.094,10.1,0.467,0.527,0.101,17-18
1628409,108.9,101.7,7.3,0.073,3.0,12.9,0.032,0.12,0.076,4.3,0.5,0.523,0.071,17-18
203518,107.7,106.5,1.2,0.036,1.12,7.7,0.021,0.079,0.049,6.9,0.54,0.567,0.048,17-18
1627936,100.5,100.8,-0.3,0.185,1.79,30.4,0.026,0.086,0.056,17.0,0.487,0.519,0.062,17-18
203458,101.8,110.4,-8.6,0.093,1.05,12.8,0.116,0.228,0.172,12.2,0.567,0.612,0.129,17-18
1627816,102.8,115.8,-13.0,0.026,1.0,6.7,0.061,0.102,0.08,6.7,0.5,0.5,0.032,17-18
1628035,101.8,114.0,-12.3,0.027,0.33,5.0,0.022,0.098,0.066,15.0,0.633,0.643,0.052,17-18
203459,106.9,108.8,-1.9,0.082,1.5,11.0,0.012,0.13,0.07,7.3,0.529,0.558,0.084,17-18
101161,102.5,101.0,1.5,0.137,2.15,25.0,0.102,0.169,0.136,11.7,0.558,0.575,0.088,17-18
203083,107.0,108.0,-1.0,0.14,1.19,15.8,0.145,0.329,0.234,13.4,0.529,0.555,0.156,17-18
2738,109.1,101.3,7.9,0.169,3.13,33.1,0.033,0.109,0.074,10.6,0.514,0.536,0.081,17-18
201281,109.2,95.1,14.1,0.149,2.33,25.0,0.016,0.072,0.046,10.7,0.618,0.655,0.099,17-18
203460,106.7,97.3,9.4,0.059,1.53,18.0,0.068,0.109,0.088,11.7,0.562,0.543,0.065,17-18
101106,95.2,100.2,-5.1,0.099,0.79,25.0,0.104,0.223,0.162,31.7,0.68,0.696,0.081,17-18
1626150,101.3,108.5,-7.3,0.222,2.19,23.4,0.017,0.085,0.051,10.7,0.477,0.534,0.083,17-18
1628510,91.6,110.3,-18.6,0.05,0.75,6.8,0.016,0.133,0.072,9.1,0.466,0.461,0.049,17-18
203952,112.5,108.9,3.5,0.08,1.16,9.2,0.028,0.094,0.061,7.9,0.481,0.505,0.076,17-18
1627790,105.7,114.9,-9.1,0.039,0.45,5.3,0.112,0.179,0.145,11.7,0.731,0.746,0.132,17-18
1626148,120.0,90.0,30.0,0.333,0.0,50.0,0.0,0.0,0.0,0.0,1.5,1.5,0.229,17-18
203076,109.2,104.3,5.0,0.104,1.07,8.5,0.07,0.213,0.146,7.9,0.552,0.612,0.188,17-18
201229,105.9,105.0,0.9,0.076,1.55,13.4,0.027,0.109,0.067,8.6,0.632,0.663,0.086,17-18
1628469,108.2,109.4,-1.3,0.096,1.82,10.6,0.011,0.089,0.049,5.8,0.423,0.471,0.064,17-18
1628499,87.2,101.1,-13.9,0.025,0.29,6.1,0.022,0.085,0.052,21.2,0.452,0.486,0.005,17-18
203382,104.1,97.7,6.5,0.095,1.16,14.2,0.086,0.196,0.141,12.3,0.474,0.502,0.087,17-18
201167,100.9,107.6,-6.8,0.066,1.43,13.3,0.006,0.082,0.046,9.3,0.485,0.516,0.042,17-18
203085,110.0,111.6,-1.7,0.179,2.22,19.8,0.013,0.058,0.035,8.9,0.508,0.526,0.073,17-18
202340,104.0,108.3,-4.2,0.105,0.93,11.0,0.014,0.068,0.04,11.8,0.474,0.496,0.06,17-18
1628389,101.9,102.6,-0.6,0.115,1.53,17.2,0.086,0.194,0.14,11.3,0.512,0.57,0.111,17-18
203463,97.9,111.4,-13.5,0.078,0.84,10.0,0.03,0.101,0.064,11.9,0.495,0.526,0.056,17-18
1628500,95.2,175.0,-79.8,0.111,0.0,100.0,0.0,0.167,0.059,0.0,0.0,0.0,-0.041,17-18
1627732,109.5,102.9,6.6,0.362,2.38,31.6,0.053,0.171,0.115,13.3,0.545,0.557,0.154,17-18
202687,97.9,111.4,-13.6,0.07,0.79,11.5,0.091,0.209,0.149,14.7,0.52,0.556,0.098,17-18
201933,108.9,107.0,1.9,0.286,2.02,20.4,0.036,0.175,0.106,10.1,0.493,0.544,0.144,17-18
1626246,109.8,103.5,6.3,0.1,0.61,8.8,0.151,0.274,0.215,14.4,0.534,0.616,0.166,17-18
201628,91.1,115.5,-24.5,0.19,1.22,13.9,0.0,0.061,0.029,11.4,0.422,0.425,0.039,17-18
1626171,107.4,109.5,-2.1,0.126,1.19,11.2,0.089,0.207,0.145,9.4,0.52,0.548,0.133,17-18
203992,102.6,111.2,-8.6,0.183,2.06,21.5,0.014,0.094,0.053,10.4,0.529,0.556,0.087,17-18
202711,106.4,104.9,1.5,0.071,1.12,10.3,0.012,0.097,0.055,9.1,0.565,0.605,0.091,17-18
203078,108.7,106.3,2.4,0.206,1.74,16.9,0.021,0.101,0.062,9.7,0.527,0.564,0.125,17-18
201148,103.0,97.7,5.3,0.056,1.63,9.5,0.086,0.161,0.124,5.8,0.578,0.596,0.14,17-18
1627742,104.7,107.5,-2.7,0.177,1.54,18.2,0.027,0.121,0.074,11.8,0.497,0.536,0.096,17-18
201943,97.7,110.8,-13.1,0.331,2.44,32.1,0.022,0.131,0.073,13.1,0.438,0.478,0.097,17-18
203464,98.8,98.5,0.3,0.096,1.28,17.5,0.011,0.109,0.06,13.7,0.492,0.504,0.051,17-18
1627362,99.4,121.0,-21.6,0.139,1.47,25.9,0.03,0.13,0.074,17.6,0.488,0.527,0.058,17-18
1627744,98.6,100.9,-2.3,0.03,0.4,3.9,0.08,0.227,0.148,9.8,0.476,0.486,0.106,17-18
201572,106.2,108.6,-2.3,0.113,1.29,11.7,0.041,0.12,0.081,9.1,0.536,0.557,0.092,17-18
203998,99.5,97.1,2.4,0.056,1.0,9.8,0.062,0.146,0.102,9.8,0.339,0.386,0.052,17-18
1627854,106.3,102.8,3.5,0.077,2.16,12.5,0.008,0.065,0.036,5.8,0.51,0.525,0.055,17-18
1627741,103.1,107.2,-4.1,0.127,1.25,12.5,0.027,0.129,0.076,10.0,0.54,0.557,0.109,17-18
203710,105.4,106.7,-1.2,0.086,2.15,16.0,0.017,0.058,0.038,7.5,0.497,0.512,0.053,17-18
203468,107.3,105.8,1.6,0.156,1.8,13.4,0.017,0.089,0.053,7.4,0.506,0.536,0.109,17-18
101139,109.8,101.8,8.0,0.061,1.41,7.6,0.013,0.097,0.055,5.4,0.516,0.545,0.077,17-18
1628403,95.9,99.0,-3.1,0.124,0.78,14.1,0.075,0.207,0.139,18.2,0.408,0.449,0.054,17-18
1626166,103.2,110.7,-7.5,0.294,3.14,30.5,0.027,0.089,0.056,9.7,0.486,0.498,0.088,17-18
1627747,101.8,108.2,-6.4,0.265,1.95,23.7,0.026,0.104,0.065,12.1,0.493,0.525,0.099,17-18
2546,111.6,106.4,5.2,0.061,1.04,7.1,0.025,0.158,0.088,6.8,0.476,0.503,0.086,17-18
1626224,111.8,107.9,3.9,0.084,1.28,14.7,0.028,0.149,0.089,11.5,0.57,0.577,0.067,17-18
202718,105.7,111.7,-6.0,0.158,1.97,19.8,0.021,0.117,0.068,10.0,0.571,0.578,0.092,17-18
101112,111.9,103.7,8.2,0.077,1.81,13.7,0.019,0.164,0.097,7.6,0.583,0.599,0.092,17-18
1628429,84.3,100.0,-15.7,0.038,1.0,5.9,0.0,0.049,0.022,5.9,0.179,0.202,-0.034,17-18
1627767,102.7,110.0,-7.4,0.048,0.68,7.6,0.079,0.262,0.173,11.2,0.58,0.619,0.118,17-18
1627778,80.0,97.6,-17.6,0.1,0.33,11.1,0.045,0.136,0.091,33.3,0.4,0.4,-0.033,17-18
1628449,0.0,100.0,-100.0,0.0,0.0,0.0,0.0,1.0,0.5,0.0,0.0,0.0,0.0,17-18
1626191,99.0,111.2,-12.2,0.082,2.0,7.3,0.07,0.188,0.128,3.6,0.44,0.478,0.103,17-18
101108,116.6,103.3,13.2,0.389,3.57,31.0,0.02,0.151,0.086,8.7,0.55,0.604,0.166,17-18
203991,114.2,104.9,9.3,0.055,0.66,7.1,0.119,0.278,0.198,10.8,0.652,0.65,0.155,17-18
203469,106.8,104.7,2.1,0.075,0.94,12.1,0.097,0.184,0.138,12.9,0.551,0.602,0.096,17-18
202332,100.9,102.7,-1.8,0.081,3.0,13.6,0.057,0.286,0.158,4.5,0.333,0.34,0.028,17-18
201147,105.8,108.1,-2.3,0.073,1.33,13.8,0.033,0.089,0.06,10.4,0.498,0.534,0.059,17-18
202709,105.4,106.5,-1.1,0.164,2.99,26.2,0.017,0.101,0.059,8.8,0.479,0.503,0.078,17-18
201584,105.3,110.8,-5.5,0.113,2.14,16.9,0.013,0.082,0.048,7.9,0.529,0.564,0.085,17-18
1626245,94.8,111.2,-16.4,0.093,1.02,15.3,0.076,0.158,0.114,15.0,0.591,0.614,0.082,17-18
1626156,105.2,112.4,-7.2,0.348,1.69,22.2,0.023,0.122,0.072,13.1,0.481,0.509,0.109,17-18
201571,102.5,106.3,-3.8,0.251,2.33,27.9,0.016,0.072,0.044,11.9,0.557,0.615,0.107,17-18
1628391,82.2,112.9,-30.7,0.075,0.75,12.5,0.029,0.157,0.083,16.7,0.625,0.622,0.065,17-18
1626177,98.2,87.3,10.9,0.083,2.67,13.3,0.099,0.111,0.105,5.0,0.564,0.575,0.089,17-18
1627745,98.4,97.8,0.5,0.037,0.5,6.7,0.06,0.093,0.078,13.3,0.5,0.517,0.033,17-18
203081,110.7,104.5,6.1,0.301,2.33,20.8,0.022,0.094,0.058,8.9,0.519,0.594,0.165,17-18
2863,110.5,103.6,7.0,0.075,1.8,16.4,0.031,0.072,0.051,9.1,0.385,0.405,0.034,17-18
1627814,100.7,104.3,-3.6,0.109,2.07,14.1,0.024,0.138,0.08,6.8,0.457,0.489,0.086,17-18
1628422,98.6,101.4,-2.8,0.098,1.82,14.3,0.018,0.142,0.082,7.8,0.516,0.532,0.092,17-18
1627772,78.9,101.8,-22.8,0.615,4.0,38.1,0.0,0.167,0.083,9.5,0.545,0.545,0.186,17-18
1628464,103.1,101.9,1.2,0.099,1.0,14.7,0.092,0.189,0.141,14.7,0.579,0.616,0.105,17-18
201568,104.5,104.2,0.3,0.097,1.58,11.3,0.013,0.133,0.073,7.2,0.469,0.545,0.103,17-18
201980,105.1,102.7,2.4,0.089,1.49,14.2,0.022,0.115,0.068,9.6,0.49,0.509,0.073,17-18
201967,106.2,107.3,-1.1,0.042,1.45,10.3,0.049,0.133,0.092,7.1,0.53,0.539,0.065,17-18
203957,106.5,98.4,8.1,0.27,2.15,26.1,0.018,0.083,0.053,12.1,0.511,0.566,0.117,17-18
1627863,106.7,103.4,3.2,0.092,2.27,14.1,0.032,0.14,0.088,6.2,0.492,0.533,0.091,17-18
203967,108.9,103.0,5.9,0.129,1.36,15.2,0.067,0.147,0.108,11.1,0.541,0.582,0.115,17-18
203121,108.1,108.7,-0.6,0.076,1.91,16.4,0.009,0.07,0.041,8.6,0.594,0.617,0.056,17-18
201589,99.7,110.1,-10.5,0.101,0.6,12.5,0.021,0.087,0.054,20.8,0.553,0.559,0.039,17-18
201954,110.0,107.5,2.6,0.257,4.28,32.0,0.019,0.072,0.046,7.5,0.571,0.61,0.114,17-18
1626199,112.2,106.6,5.6,0.147,2.75,29.7,0.0,0.08,0.04,10.8,0.263,0.362,0.026,17-18
1628021,103.9,109.7,-5.8,0.094,1.35,14.9,0.05,0.142,0.095,11.1,0.499,0.542,0.075,17-18
204065,81.0,127.3,-46.3,0.0,0.0,0.0,0.0,0.0,0.0,16.7,1.0,1.05,0.12,17-18
2561,103.6,101.7,1.9,0.22,1.73,21.9,0.072,0.163,0.122,12.7,0.575,0.6,0.145,17-18
202722,104.1,100.6,3.5,0.102,2.06,14.9,0.017,0.122,0.07,7.3,0.568,0.588,0.092,17-18
1628432,91.1,105.4,-14.2,0.087,1.3,12.4,0.007,0.149,0.072,9.5,0.362,0.388,0.047,17-18
1628368,101.6,111.8,-10.2,0.24,1.85,23.3,0.016,0.087,0.05,12.6,0.441,0.478,0.074,17-18
201599,107.9,110.3,-2.4,0.074,0.85,12.0,0.132,0.339,0.236,14.1,0.645,0.648,0.152,17-18
202732,98.0,111.2,-13.2,0.091,2.4,27.3,0.01,0.1,0.054,11.4,0.467,0.467,0.035,17-18
1627761,99.2,106.7,-7.5,0.166,1.04,20.5,0.017,0.142,0.079,19.7,0.457,0.477,0.063,17-18
201942,114.2,106.5,7.7,0.245,2.38,18.7,0.021,0.091,0.057,7.8,0.488,0.555,0.135,17-18
202326,108.5,106.6,1.9,0.241,1.06,16.8,0.065,0.292,0.183,15.8,0.53,0.583,0.167,17-18
201960,106.5,107.8,-1.2,0.106,1.43,12.9,0.045,0.165,0.104,9.0,0.506,0.55,0.101,17-18
1627749,103.0,98.7,4.3,0.202,1.72,22.2,0.061,0.196,0.128,12.9,0.451,0.485,0.117,17-18
1626153,110.0,102.7,7.3,0.202,2.56,26.4,0.031,0.107,0.069,10.3,0.53,0.574,0.116,17-18
1627743,86.2,110.3,-24.1,0.188,0.9,23.7,0.06,0.086,0.073,26.3,0.417,0.424,0.037,17-18
203471,105.2,111.8,-6.7,0.352,2.28,22.5,0.021,0.081,0.05,9.9,0.469,0.515,0.116,17-18
1628372,102.4,110.1,-7.6,0.301,1.85,21.6,0.023,0.106,0.063,11.7,0.446,0.473,0.087,17-18
1627756,101.7,108.6,-6.8,0.178,2.46,22.6,0.021,0.168,0.09,9.1,0.517,0.527,0.091,17-18
202324,106.2,102.6,3.6,0.075,1.16,10.4,0.097,0.167,0.133,8.9,0.573,0.593,0.119,17-18
1627884,96.8,103.2,-6.5,0.056,1.29,11.3,0.077,0.066,0.072,8.8,0.425,0.48,0.046,17-18
201565,107.7,113.9,-6.2,0.136,1.06,13.2,0.033,0.053,0.043,12.5,0.454,0.507,0.068,17-18
1628476,97.0,107.5,-10.5,0.17,8.0,34.8,0.014,0.095,0.056,4.3,0.46,0.525,0.082,17-18
1628401,101.0,87.5,13.5,0.098,1.5,15.5,0.034,0.128,0.084,10.3,0.606,0.646,0.124,17-18
202682,33.3,52.2,-18.8,0.0,0.0,0.0,0.0,0.143,0.05,0.0,0.25,0.25,0.0,17-18
1626164,102.9,112.2,-9.3,0.233,1.3,15.5,0.013,0.112,0.062,11.9,0.501,0.561,0.123,17-18
2734,109.4,105.3,4.1,0.165,2.0,20.2,0.009,0.085,0.047,10.1,0.499,0.563,0.076,17-18
1628421,113.8,85.2,28.6,0.0,0.0,0.0,0.095,0.25,0.152,0.0,0.333,0.333,0.085,17-18
203473,103.2,108.3,-5.1,0.09,1.06,13.2,0.065,0.249,0.158,12.4,0.577,0.599,0.119,17-18
1627738,101.0,109.3,-8.3,0.068,1.25,11.0,0.078,0.182,0.13,8.8,0.608,0.621,0.108,17-18
1628415,102.4,107.4,-5.0,0.092,1.09,12.3,0.021,0.092,0.056,11.3,0.501,0.531,0.063,17-18
203079,100.9,106.2,-5.3,0.21,1.61,18.1,0.009,0.078,0.043,11.2,0.461,0.487,0.076,17-18
1717,105.5,107.5,-2.0,0.098,2.35,12.4,0.012,0.227,0.118,5.3,0.547,0.575,0.119,17-18
1627734,107.2,105.8,1.4,0.127,1.1,14.4,0.093,0.227,0.16,13.1,0.524,0.567,0.121,17-18
1628378,108.3,101.5,6.8,0.189,1.35,14.6,0.02,0.093,0.057,10.8,0.506,0.541,0.109,17-18
1627827,100.0,102.7,-2.7,0.086,1.24,14.9,0.043,0.121,0.079,12.0,0.463,0.482,0.051,17-18
203926,103.9,105.1,-1.2,0.065,1.41,11.7,0.022,0.087,0.055,8.3,0.557,0.579,0.069,17-18
1627733,100.6,110.9,-10.3,0.089,1.16,17.4,0.018,0.149,0.082,15.0,0.508,0.524,0.058,17-18
203110,111.9,105.2,6.7,0.286,2.51,36.1,0.036,0.183,0.117,14.4,0.516,0.556,0.117,17-18
1628407,104.6,104.7,-0.2,0.077,1.65,14.6,0.005,0.158,0.081,8.8,0.404,0.431,0.058,17-18
202779,101.0,100.5,0.6,0.24,1.51,18.7,0.028,0.067,0.047,12.3,0.452,0.498,0.084,17-18
2730,109.6,108.2,1.4,0.069,0.5,7.1,0.101,0.295,0.199,14.0,0.556,0.577,0.136,17-18
203939,105.3,104.5,0.9,0.085,1.54,13.8,0.08,0.19,0.134,9.0,0.626,0.656,0.119,17-18
2548,106.4,105.1,1.3,0.245,1.63,20.1,0.032,0.124,0.079,12.4,0.462,0.5,0.104,17-18
202734,108.7,106.1,2.6,0.099,1.83,16.3,0.023,0.065,0.045,8.9,0.585,0.593,0.073,17-18
202334,107.9,103.9,4.1,0.039,0.61,9.0,0.121,0.254,0.188,14.8,0.582,0.607,0.115,17-18
1628410,40.0,160.0,-120.0,0.0,0.0,0.0,0.0,0.5,0.2,0.0,1.0,1.0,0.235,17-18
202327,103.6,100.3,3.3,0.093,2.65,24.4,0.086,0.105,0.095,9.2,0.5,0.56,0.072,17-18
203901,103.9,115.6,-11.7,0.328,2.34,30.3,0.033,0.117,0.074,13.0,0.516,0.538,0.108,17-18
2731,103.0,102.7,0.3,0.028,0.62,6.4,0.12,0.175,0.148,10.4,0.505,0.545,0.096,17-18
1626144,102.0,111.5,-9.5,0.254,1.82,22.9,0.019,0.099,0.058,12.6,0.433,0.474,0.08,17-18
202683,106.6,111.5,-4.9,0.091,0.86,10.3,0.146,0.279,0.212,12.0,0.592,0.63,0.161,17-18
202339,110.7,107.9,2.7,0.246,1.71,21.6,0.023,0.1,0.063,12.6,0.536,0.582,0.125,17-18
201569,116.4,103.5,13.0,0.113,1.18,11.4,0.011,0.065,0.039,9.6,0.54,0.578,0.09,17-18
203961,100.3,99.3,1.1,0.141,1.9,30.8,0.096,0.243,0.168,16.2,0.541,0.531,0.103,17-18
1628571,82.4,127.8,-45.4,0.0,0.0,0.0,0.0,0.2,0.091,33.3,0.0,0.0,-0.031,17-18
101141,107.0,106.1,0.9,0.078,1.25,10.8,0.067,0.161,0.114,8.6,0.526,0.558,0.099,17-18
203095,107.1,110.3,-3.2,0.138,1.74,14.6,0.012,0.084,0.048,8.4,0.538,0.577,0.093,17-18
202323,104.5,105.6,-1.1,0.128,1.75,19.3,0.014,0.1,0.057,11.0,0.484,0.52,0.071,17-18
1626163,107.7,110.0,-2.3,0.113,1.95,13.0,0.023,0.139,0.078,6.7,0.501,0.545,0.098,17-18
1628412,103.7,105.4,-1.7,0.233,2.26,22.9,0.03,0.107,0.067,10.1,0.42,0.48,0.091,17-18
1628373,102.4,104.6,-2.2,0.21,1.91,27.4,0.021,0.079,0.05,14.4,0.414,0.437,0.048,17-18
1627832,112.2,101.1,11.1,0.231,3.28,26.9,0.016,0.102,0.06,8.2,0.525,0.556,0.111,17-18
1627788,90.5,119.8,-29.3,0.077,2.0,11.1,0.02,0.123,0.064,5.6,0.375,0.386,0.01,17-18
202066,100.7,108.1,-7.4,0.115,1.57,17.4,0.013,0.084,0.047,11.1,0.512,0.536,0.065,17-18
203914,111.7,108.2,3.5,0.128,1.63,15.0,0.016,0.061,0.039,9.2,0.57,0.597,0.098,17-18
1627780,109.9,104.9,4.9,0.13,3.0,19.8,0.056,0.144,0.098,6.6,0.446,0.443,0.058,17-18
201588,108.5,111.8,-3.3,0.145,2.11,22.0,0.023,0.081,0.051,10.4,0.543,0.58,0.079,17-18
1627777,80.6,98.6,-18.1,0.167,1.0,16.7,0.103,0.182,0.145,16.7,0.364,0.379,0.086,17-18
1627834,110.5,114.2,-3.7,0.097,1.13,15.3,0.1,0.216,0.154,13.6,0.429,0.429,0.071,17-18
101123,107.3,102.7,4.6,0.045,0.81,5.1,0.016,0.124,0.069,6.3,0.54,0.566,0.088,17-18
1628492,104.5,89.6,14.8,0.071,1.5,12.5,0.016,0.102,0.057,8.3,0.5,0.53,0.045,17-18
203507,109.4,106.5,2.8,0.237,1.62,15.9,0.06,0.218,0.141,9.8,0.545,0.598,0.186,17-18
203922,103.3,103.9,-0.6,0.068,3.4,15.2,0.03,0.078,0.052,4.5,0.506,0.529,0.071,17-18
201609,106.2,106.0,0.2,0.245,2.16,20.9,0.023,0.105,0.064,9.7,0.502,0.543,0.115,17-18
202330,109.1,81.8,27.3,0.0,0.0,0.0,0.0,0.2,0.091,0.0,0.5,0.5,0.048,17-18
203476,103.9,110.5,-6.6,0.08,1.2,12.5,0.078,0.201,0.137,10.4,0.504,0.543,0.093,17-18
202328,100.9,110.5,-9.6,0.189,1.21,17.6,0.104,0.244,0.172,14.5,0.565,0.598,0.153,17-18
1627824,101.0,101.8,-0.8,0.107,1.33,16.2,0.065,0.152,0.105,12.1,0.525,0.559,0.08,17-18
203084,103.4,109.5,-6.1,0.101,1.29,9.4,0.028,0.154,0.089,7.3,0.494,0.539,0.114,17-18
202355,102.1,105.0,-2.8,0.068,0.59,6.8,0.121,0.317,0.218,11.5,0.542,0.573,0.176,17-18
1627740,97.5,97.0,0.5,0.098,1.11,10.2,0.029,0.208,0.118,9.1,0.432,0.476,0.096,17-18
203546,107.1,106.0,1.0,0.107,1.93,16.1,0.007,0.074,0.043,8.4,0.511,0.529,0.062,17-18
101133,106.6,105.2,1.4,0.068,0.53,11.6,0.118,0.156,0.137,21.8,0.556,0.601,0.061,17-18
1628387,104.6,130.2,-25.5,0.0,0.0,0.0,0.152,0.138,0.145,14.3,0.444,0.558,0.109,17-18
202697,108.4,103.1,5.4,0.084,1.06,17.3,0.026,0.113,0.072,16.3,0.44,0.48,0.049,17-18
203477,109.2,108.0,1.2,0.276,2.62,28.8,0.014,0.094,0.054,11.0,0.46,0.539,0.096,17-18
1628439,102.0,109.7,-7.7,0.098,1.0,14.2,0.041,0.118,0.081,14.2,0.472,0.501,0.033,17-18
1627819,103.2,103.9,-0.8,0.272,2.45,27.7,0.018,0.058,0.039,11.3,0.444,0.492,0.069,17-18
202738,107.9,114.8,-6.9,0.268,1.61,21.0,0.019,0.056,0.037,13.1,0.438,0.508,0.077,17-18
1627785,96.6,99.0,-2.3,0.213,0.83,14.5,0.022,0.113,0.069,17.4,0.506,0.53,0.087,17-18
202397,106.8,105.9,0.8,0.273,3.33,27.3,0.013,0.095,0.054,8.2,0.507,0.525,0.106,17-18
1628397,102.5,110.9,-8.4,0.095,0.91,13.6,0.102,0.216,0.157,14.9,0.566,0.599,0.111,17-18
1627826,99.8,94.7,5.0,0.095,0.96,12.8,0.101,0.168,0.135,13.3,0.5,0.557,0.108,17-18
200826,107.5,106.8,0.7,0.426,3.03,33.1,0.009,0.12,0.064,10.9,0.522,0.545,0.133,17-18
200755,109.4,102.4,7.0,0.149,2.04,16.6,0.004,0.071,0.04,8.1,0.569,0.614,0.108,17-18
2747,110.9,113.2,-2.3,0.087,1.74,16.7,0.013,0.092,0.053,9.6,0.524,0.534,0.052,17-18
203960,99.9,100.0,-0.1,0.041,1.13,8.7,0.058,0.161,0.11,7.7,0.574,0.585,0.087,17-18
203210,102.5,110.5,-8.0,0.082,1.04,11.4,0.096,0.218,0.155,11.0,0.501,0.53,0.101,17-18
201580,110.5,107.9,2.6,0.08,1.22,11.0,0.101,0.166,0.136,9.0,0.621,0.641,0.118,17-18
1628444,108.7,102.1,6.6,0.099,1.0,17.0,0.055,0.105,0.081,17.0,0.635,0.615,0.076,17-18
203953,105.9,109.7,-3.9,0.129,1.31,12.8,0.055,0.145,0.1,9.8,0.529,0.55,0.111,17-18
204022,95.4,100.0,-4.6,0.128,2.0,13.3,0.131,0.184,0.155,6.7,0.481,0.566,0.143,17-18
1626643,66.7,62.5,4.2,0.0,0.0,0.0,0.0,0.0,0.0,33.3,0.5,0.5,0.0,17-18
1628451,94.4,76.4,18.1,0.091,0.0,28.6,0.053,0.225,0.141,0.0,0.375,0.41,0.084,17-18
203109,107.9,107.2,0.6,0.071,1.34,10.9,0.029,0.103,0.066,8.1,0.486,0.525,0.061,17-18
1626143,92.6,115.2,-22.6,0.07,0.57,6.6,0.058,0.19,0.122,11.5,0.562,0.584,0.105,17-18
1627774,94.7,106.2,-11.5,0.099,2.2,17.2,0.024,0.078,0.05,7.8,0.34,0.352,0.027,17-18
1627751,111.9,103.7,8.3,0.054,0.67,10.1,0.107,0.15,0.129,15.1,0.66,0.662,0.097,17-18
1627883,109.3,115.9,-6.6,0.032,0.57,4.6,0.063,0.154,0.104,8.0,0.456,0.485,0.051,17-18
2037,108.4,112.8,-4.5,0.177,1.95,17.4,0.013,0.05,0.031,8.9,0.485,0.519,0.079,17-18
1627750,113.9,110.2,3.7,0.159,1.59,17.1,0.033,0.087,0.06,10.8,0.529,0.576,0.096,17-18
1627866,105.8,113.2,-7.4,0.0,0.0,0.0,0.138,0.2,0.167,6.7,0.583,0.599,0.151,17-18
2749,103.1,108.7,-5.7,0.255,2.67,35.9,0.013,0.088,0.052,13.4,0.473,0.489,0.065,17-18
1628503,103.5,104.4,-0.9,0.098,2.25,16.4,0.013,0.119,0.064,7.3,0.443,0.457,0.062,17-18
203516,102.3,107.9,-5.6,0.069,1.27,12.6,0.045,0.096,0.07,10.0,0.54,0.588,0.073,17-18
201935,116.2,106.2,10.0,0.449,2.0,23.4,0.017,0.137,0.078,11.7,0.541,0.619,0.194,17-18
201949,105.9,105.8,0.1,0.22,1.99,25.4,0.032,0.148,0.091,12.8,0.55,0.575,0.112,17-18
203949,102.6,100.0,2.6,0.0,0.0,0.0,0.0,0.125,0.059,11.1,0.429,0.508,0.046,17-18
1627821,98.0,111.3,-13.3,0.044,1.0,12.5,0.059,0.138,0.096,12.5,0.333,0.333,0.019,17-18
203923,90.2,110.6,-20.4,0.053,2.0,10.0,0.0,0.029,0.016,5.0,0.464,0.511,0.024,17-18
203966,106.2,105.4,0.8,0.056,1.25,9.9,0.01,0.1,0.055,7.9,0.636,0.634,0.067,17-18
201162,106.6,106.4,0.1,0.153,2.79,32.0,0.011,0.126,0.067,11.5,0.512,0.553,0.062,17-18
204067,90.0,100.0,-10.0,0.0,0.0,0.0,0.0,0.167,0.059,0.0,0.0,0.0,0.0,17-18
1626185,100.6,108.1,-7.6,0.073,0.85,10.3,0.057,0.139,0.096,12.1,0.48,0.516,0.066,17-18
1628386,104.1,108.2,-4.1,0.055,0.6,8.2,0.096,0.157,0.127,13.8,0.596,0.636,0.108,17-18
101127,108.2,109.0,-0.7,0.302,3.03,37.1,0.014,0.106,0.061,12.2,0.455,0.489,0.089,17-18
201160,95.5,111.3,-15.8,0.084,0.88,9.2,0.06,0.122,0.09,10.5,0.409,0.455,0.046,17-18
1891,107.0,105.5,1.5,0.098,2.36,24.6,0.006,0.056,0.031,10.4,0.513,0.525,0.047,17-18
1628393,106.2,104.1,2.1,0.177,2.27,24.0,0.011,0.092,0.053,10.6,0.381,0.421,0.046,17-18
1627759,109.0,101.3,7.7,0.081,0.92,10.0,0.03,0.124,0.078,10.9,0.54,0.562,0.089,17-18
1628537,87.1,105.0,-17.9,0.13,1.17,15.6,0.018,0.125,0.072,13.3,0.438,0.438,0.077,17-18
1628369,107.7,100.8,6.9,0.081,1.12,10.7,0.021,0.138,0.081,9.6,0.538,0.586,0.108,17-18
201145,109.9,106.2,3.7,0.081,1.32,11.0,0.034,0.095,0.066,8.4,0.52,0.587,0.09,17-18
201952,112.7,110.0,2.7,0.298,2.78,31.4,0.011,0.081,0.046,11.3,0.499,0.553,0.105,17-18
203481,106.0,81.0,25.0,0.0,0.0,0.0,0.023,0.22,0.119,10.5,0.438,0.444,0.084,17-18
203924,106.5,104.7,1.7,0.055,1.06,8.5,0.05,0.14,0.094,8.1,0.57,0.607,0.101,17-18
202379,100.0,123.1,-23.1,0.0,0.0,0.0,0.143,0.0,0.077,50.0,1.0,1.0,0.025,17-18
203087,109.3,107.9,1.3,0.154,2.0,15.6,0.024,0.14,0.08,7.8,0.513,0.559,0.116,17-18
202391,109.5,119.0,-9.5,0.235,1.33,18.2,0.0,0.0,0.0,13.6,0.458,0.597,0.071,17-18
1626170,102.0,109.1,-7.1,0.314,3.84,33.9,0.017,0.084,0.049,8.8,0.476,0.528,0.095,17-18
201573,102.2,105.5,-3.4,0.085,1.17,14.1,0.016,0.066,0.041,12.0,0.519,0.546,0.047,17-18
202710,114.7,106.4,8.3,0.204,2.67,19.3,0.038,0.112,0.075,7.2,0.512,0.59,0.151,17-18
201149,84.3,86.2,-1.9,0.2,1.0,20.0,0.128,0.2,0.161,20.0,0.5,0.51,0.114,17-18
201975,102.3,109.2,-6.8,0.1,1.89,12.9,0.013,0.102,0.056,6.8,0.491,0.548,0.092,17-18
203925,105.1,108.4,-3.3,0.101,1.41,14.5,0.024,0.101,0.063,10.3,0.612,0.634,0.089,17-18
204060,107.7,102.4,5.3,0.222,2.47,30.0,0.01,0.125,0.068,12.2,0.609,0.623,0.107,17-18
2207,101.3,104.9,-3.6,0.109,1.69,16.2,0.011,0.13,0.07,9.6,0.461,0.49,0.07,17-18
1626202,99.9,106.7,-6.8,0.103,1.5,14.9,0.02,0.091,0.055,9.9,0.497,0.521,0.07,17-18
1627762,75.6,93.8,-18.1,0.0,0.0,0.0,0.133,0.121,0.128,18.2,0.5,0.521,0.071,17-18
203954,110.6,98.9,11.7,0.182,0.85,11.7,0.078,0.255,0.173,13.8,0.514,0.573,0.177,17-18
203530,100.5,106.3,-5.8,0.121,1.24,14.3,0.118,0.207,0.162,11.5,0.516,0.536,0.119,17-18
1628381,101.0,107.3,-6.2,0.09,0.93,11.9,0.094,0.201,0.147,12.7,0.591,0.62,0.119,17-18
203089,111.2,106.3,4.9,0.083,1.36,14.8,0.083,0.185,0.136,10.9,0.573,0.582,0.097,17-18
204066,103.5,112.3,-8.8,0.04,0.63,6.4,0.036,0.104,0.07,10.3,0.381,0.417,0.034,17-18
202322,109.8,106.1,3.8,0.425,2.49,29.7,0.016,0.088,0.053,11.9,0.466,0.515,0.13,17-18
1628405,100.9,104.3,-3.4,0.078,0.78,6.7,0.071,0.2,0.131,8.7,0.54,0.55,0.126,17-18
203948,94.1,104.8,-10.7,0.067,0.93,6.6,0.063,0.173,0.112,7.1,0.439,0.47,0.08,17-18
202720,96.7,94.9,1.8,0.051,0.71,9.3,0.049,0.179,0.113,13.0,0.417,0.505,0.07,17-18
201973,105.9,104.2,1.7,0.057,1.56,9.7,0.048,0.175,0.112,6.2,0.562,0.586,0.091,17-18
202685,112.9,107.2,5.6,0.075,0.7,8.3,0.106,0.263,0.187,11.8,0.59,0.628,0.151,17-18
1626780,114.0,113.8,0.2,0.148,1.33,13.3,0.0,0.071,0.038,10.0,0.739,0.739,0.115,17-18
1628371,93.2,101.8,-8.6,0.053,0.67,9.0,0.029,0.141,0.087,13.5,0.434,0.465,0.071,17-18
203613,104.6,111.4,-6.9,0.131,1.17,14.5,0.03,0.087,0.059,12.4,0.511,0.555,0.077,17-18
1628395,113.2,104.3,8.9,0.166,2.0,28.6,0.082,0.162,0.126,14.3,0.627,0.641,0.111,17-18
203903,104.6,106.5,-1.9,0.193,1.74,16.1,0.029,0.08,0.055,9.3,0.509,0.542,0.115,17-18
202348,110.7,125.2,-14.5,0.351,2.6,28.9,0.036,0.036,0.036,11.1,0.593,0.601,0.09,17-18
1626175,101.4,107.4,-6.0,0.051,0.5,7.7,0.065,0.226,0.146,15.4,0.488,0.515,0.08,17-18
101181,110.9,107.7,3.2,0.175,2.85,32.9,0.017,0.079,0.049,11.5,0.624,0.643,0.067,17-18
1627982,81.6,116.7,-35.1,0.24,1.71,18.5,0.017,0.104,0.051,10.8,0.305,0.349,0.041,17-18
1628404,106.4,108.3,-1.9,0.076,1.7,14.7,0.028,0.143,0.086,8.6,0.573,0.596,0.088,17-18
203962,109.2,103.2,6.0,0.027,0.77,8.5,0.042,0.117,0.08,11.0,0.42,0.417,0.032,17-18
1628367,98.6,110.3,-11.7,0.105,0.82,9.0,0.044,0.123,0.083,11.0,0.448,0.48,0.072,17-18
203705,103.1,103.6,-0.5,0.37,6.33,49.1,0.009,0.079,0.043,7.8,0.413,0.464,0.085,17-18
201177,85.7,100.0,-14.3,0.0,0.0,0.0,0.0,0.0,0.0,0.0,0.0,0.0,-0.128,17-18
1626196,105.0,104.2,0.8,0.131,1.65,17.6,0.025,0.08,0.053,10.7,0.523,0.551,0.086,17-18
2746,73.1,107.4,-34.3,0.0,0.0,0.0,0.136,0.1,0.125,0.0,0.25,0.25,-0.045,17-18
201950,109.4,104.5,4.9,0.243,2.28,23.8,0.022,0.095,0.06,10.4,0.543,0.57,0.118,17-18
1627823,105.1,109.2,-4.2,0.06,1.33,11.9,0.062,0.139,0.098,8.9,0.48,0.511,0.061,17-18
203944,107.0,108.4,-1.4,0.158,0.99,13.9,0.082,0.202,0.144,14.1,0.563,0.606,0.135,17-18
202933,106.6,97.3,9.3,0.187,3.71,55.3,0.005,0.153,0.079,14.9,0.692,0.684,0.06,17-18
1626147,98.3,105.4,-7.2,0.078,1.56,9.6,0.046,0.12,0.084,6.2,0.515,0.54,0.087,17-18
203200,104.2,108.2,-4.0,0.097,1.65,14.0,0.013,0.114,0.062,8.5,0.474,0.513,0.069,17-18
1628382,101.2,108.8,-7.6,0.071,1.85,13.6,0.018,0.109,0.062,7.3,0.51,0.521,0.064,17-18
1628383,120.0,90.0,30.0,0.0,0.0,0.0,0.0,0.0,0.0,0.0,0.5,0.5,0.057,17-18
1626159,103.8,102.9,1.0,0.134,1.92,19.6,0.037,0.178,0.107,10.2,0.474,0.496,0.092,17-18
203994,106.7,103.1,3.6,0.115,0.78,10.3,0.087,0.237,0.162,13.2,0.505,0.528,0.127,17-18
1628443,91.6,100.0,-8.4,0.167,1.33,25.5,0.034,0.067,0.049,19.1,0.273,0.366,0.006,17-18
1626157,115.3,109.2,6.1,0.105,1.25,11.7,0.085,0.272,0.179,9.3,0.596,0.646,0.165,17-18
202695,99.3,95.4,3.9,0.191,1.31,12.8,0.029,0.159,0.098,9.8,0.518,0.572,0.182,17-18
1627770,90.2,105.4,-15.1,0.247,1.25,17.9,0.019,0.108,0.06,14.3,0.329,0.379,0.038,17-18
203482,110.0,104.6,5.3,0.18,1.41,19.4,0.052,0.2,0.126,13.8,0.58,0.612,0.122,17-18
1626162,105.9,108.2,-2.4,0.067,1.09,9.1,0.026,0.136,0.081,8.3,0.482,0.534,0.079,17-18
202689,111.3,108.0,3.3,0.264,2.48,20.6,0.011,0.077,0.044,8.3,0.516,0.572,0.131,17-18
2570,134.5,116.1,18.4,0.182,2.0,33.3,0.0,0.091,0.042,16.7,0.5,0.521,0.042,17-18
202702,103.2,108.1,-5.0,0.064,0.78,8.5,0.135,0.193,0.162,10.8,0.514,0.552,0.108,17-18
203145,104.5,108.9,-4.5,0.199,1.45,19.9,0.014,0.124,0.069,13.7,0.5,0.547,0.099,17-18
203484,106.5,107.4,-0.9,0.093,1.67,14.3,0.023,0.127,0.075,8.6,0.526,0.561,0.092,17-18
201142,115.9,108.9,7.0,0.243,1.77,18.7,0.015,0.169,0.099,10.6,0.586,0.64,0.168,17-18
201567,112.7,111.3,1.4,0.099,1.14,9.9,0.065,0.274,0.172,8.7,0.552,0.614,0.15,17-18
1626172,110.7,104.6,6.1,0.062,1.35,14.0,0.094,0.135,0.116,10.3,0.583,0.588,0.079,17-18
203920,104.9,104.0,0.8,0.088,1.62,16.2,0.114,0.191,0.152,10.0,0.54,0.582,0.109,17-18
203114,110.3,108.7,1.6,0.172,1.72,17.0,0.016,0.133,0.076,9.9,0.524,0.577,0.114,17-18
202691,112.6,105.6,7.1,0.108,1.45,12.1,0.014,0.089,0.055,8.3,0.586,0.599,0.103,17-18
1628424,100.7,117.7,-17.0,0.157,1.55,21.8,0.021,0.062,0.04,14.1,0.452,0.49,0.046,17-18
201585,98.8,106.8,-8.0,0.1,1.78,15.6,0.1,0.236,0.165,8.8,0.571,0.566,0.124,17-18
1627739,102.5,110.6,-8.0,0.319,2.07,26.3,0.015,0.131,0.071,12.7,0.462,0.488,0.095,17-18
204001,107.1,106.7,0.4,0.063,0.61,4.9,0.039,0.154,0.098,8.0,0.489,0.539,0.125,17-18
203937,105.3,102.0,3.3,0.146,2.15,25.3,0.043,0.158,0.1,11.8,0.549,0.582,0.111,17-18
1627858,105.3,107.4,-2.1,0.163,2.33,28.6,0.06,0.162,0.107,12.2,0.404,0.433,0.066,17-18
2594,112.3,104.5,7.8,0.079,1.6,13.6,0.006,0.093,0.052,8.5,0.628,0.652,0.083,17-18
1628398,105.3,107.5,-2.2,0.091,1.01,10.0,0.035,0.154,0.095,10.0,0.527,0.549,0.104,17-18
200768,113.1,105.5,7.6,0.307,2.93,30.3,0.026,0.142,0.085,10.3,0.553,0.598,0.136,17-18
203124,105.6,106.8,-1.1,0.166,1.58,22.7,0.09,0.242,0.168,14.4,0.589,0.625,0.137,17-18
202713,93.4,92.7,0.7,0.057,0.67,6.3,0.016,0.143,0.08,9.4,0.381,0.43,0.049,17-18
202681,110.0,104.3,5.6,0.282,2.2,18.7,0.017,0.096,0.057,8.5,0.568,0.61,0.165,17-18
200746,108.7,103.3,5.4,0.111,1.37,8.6,0.098,0.156,0.127,6.3,0.52,0.57,0.159,17-18
202362,106.1,109.4,-3.2,0.186,1.79,20.8,0.033,0.203,0.115,11.6,0.475,0.495,0.097,17-18
202498,101.4,107.3,-5.9,0.044,1.07,11.7,0.033,0.098,0.065,10.9,0.476,0.513,0.037,17-18
204038,101.8,97.6,4.2,0.105,3.22,13.4,0.014,0.089,0.051,4.2,0.481,0.503,0.086,17-18
203580,100.7,109.8,-9.1,0.196,3.33,27.0,0.045,0.0,0.022,8.1,0.354,0.354,0.009,17-18
1626204,104.9,103.9,1.0,0.085,1.61,13.5,0.107,0.199,0.152,8.4,0.584,0.605,0.128,17-18
1628374,101.5,110.5,-9.0,0.064,0.95,7.3,0.037,0.217,0.123,7.6,0.518,0.552,0.114,17-18
2544,113.7,112.1,1.6,0.432,2.15,25.8,0.033,0.201,0.119,12.0,0.59,0.621,0.191,17-18
1628506,106.0,122.0,-16.0,0.102,5.0,23.8,0.015,0.064,0.035,4.8,0.154,0.23,-0.008,17-18
1628366,104.7,105.3,-0.6,0.288,2.76,34.0,0.036,0.153,0.095,12.3,0.44,0.444,0.098,17-18
203485,105.1,90.7,14.3,0.125,4.33,25.5,0.008,0.097,0.056,5.9,0.441,0.459,0.076,17-18
101150,111.8,110.2,1.6,0.254,1.78,19.0,0.015,0.059,0.038,10.7,0.505,0.574,0.127,17-18
201601,111.4,101.7,9.7,0.052,0.81,10.8,0.015,0.102,0.06,13.4,0.572,0.595,0.067,17-18
203512,105.5,96.2,9.3,0.074,1.38,16.9,0.044,0.16,0.103,12.3,0.644,0.661,0.106,17-18
1626242,64.7,94.1,-29.4,0.0,0.0,0.0,0.0,0.222,0.111,66.7,0.0,0.0,-0.031,17-18
202337,105.6,108.3,-2.7,0.064,1.63,11.3,0.01,0.123,0.067,6.9,0.563,0.576,0.068,17-18
1628379,107.1,103.2,3.9,0.127,1.8,18.0,0.014,0.104,0.059,10.0,0.53,0.56,0.086,17-18
1628436,102.2,111.5,-9.3,0.114,2.17,15.6,0.032,0.158,0.094,7.2,0.504,0.516,0.083,17-18
2736,89.7,110.0,-20.3,0.111,1.0,25.0,0.0,0.0,0.0,25.0,0.5,0.5,0.039,17-18
1627781,100.2,108.0,-7.8,0.058,1.3,10.6,0.015,0.097,0.053,8.1,0.4,0.446,0.035,17-18
1627763,107.1,109.2,-2.1,0.165,2.3,20.1,0.017,0.097,0.058,8.7,0.547,0.578,0.094,17-18
1627098,101.9,106.4,-4.5,0.244,2.47,29.4,0.009,0.09,0.049,11.9,0.463,0.519,0.081,17-18
1626259,105.0,102.3,2.7,0.034,0.6,7.9,0.031,0.09,0.06,13.2,0.607,0.638,0.054,17-18
1627736,104.3,105.3,-1.0,0.077,1.29,12.6,0.023,0.095,0.058,9.8,0.489,0.509,0.06,17-18
1628370,100.8,112.6,-11.8,0.178,1.86,15.6,0.008,0.069,0.037,8.4,0.458,0.477,0.063,17-18
1628493,95.3,95.2,0.1,0.0,0.0,0.0,0.136,0.333,0.233,0.0,0.571,0.538,0.129,17-18
1938,107.7,105.6,2.1,0.193,1.55,20.7,0.015,0.093,0.054,13.4,0.503,0.553,0.085,17-18
202705,115.3,115.7,-0.4,0.205,1.56,16.4,0.039,0.077,0.056,10.5,0.593,0.629,0.147,17-18
201188,102.7,109.7,-6.9,0.225,1.57,18.3,0.033,0.225,0.127,11.6,0.473,0.532,0.14,17-18
101162,107.4,105.3,2.1,0.103,1.53,17.1,0.089,0.213,0.151,11.2,0.518,0.546,0.104,17-18
201158,105.4,106.8,-1.4,0.115,1.57,13.8,0.01,0.066,0.038,8.8,0.539,0.581,0.093,17-18
1627875,105.5,109.9,-4.4,0.045,2.33,10.4,0.03,0.043,0.036,4.5,0.479,0.515,0.017,17-18
202694,106.0,105.3,0.7,0.082,1.11,8.9,0.029,0.166,0.097,8.0,0.499,0.541,0.106,17-18
1627779,121.1,105.2,15.9,0.143,0.0,16.7,0.0,0.167,0.073,0.0,0.357,0.403,0.077,17-18
203935,105.8,99.6,6.2,0.234,2.01,26.9,0.026,0.085,0.056,13.4,0.44,0.479,0.075,17-18
201596,102.3,104.8,-2.5,0.214,1.68,24.1,0.009,0.104,0.055,14.3,0.439,0.503,0.072,17-18
1626209,103.6,109.6,-6.0,0.101,1.23,12.4,0.024,0.144,0.084,10.1,0.515,0.544,0.094,17-18
203900,93.7,118.8,-25.1,0.105,1.0,18.2,0.029,0.108,0.07,18.2,0.357,0.357,-0.013,17-18
1628365,100.9,96.1,4.8,0.294,3.12,27.7,0.039,0.105,0.074,8.9,0.405,0.416,0.094,17-18
202693,108.4,107.7,0.7,0.107,1.12,14.0,0.04,0.173,0.107,12.6,0.536,0.566,0.092,17-18
1627737,100.8,109.2,-8.4,0.081,0.78,11.2,0.046,0.2,0.121,14.5,0.482,0.509,0.075,17-18
203104,98.0,117.7,-19.7,0.241,4.33,38.2,0.012,0.072,0.04,8.8,0.281,0.302,0.039,17-18
201578,104.9,103.4,1.6,0.104,1.0,8.8,0.03,0.152,0.093,8.8,0.519,0.539,0.089,17-18
1627850,91.1,89.6,1.5,0.063,0.67,12.5,0.074,0.245,0.159,18.8,0.333,0.697,0.083,17-18
101107,108.7,107.1,1.6,0.069,1.45,12.4,0.036,0.14,0.089,8.5,0.57,0.603,0.093,17-18
203486,107.5,108.2,-0.7,0.145,1.39,20.6,0.092,0.182,0.138,14.8,0.601,0.586,0.098,17-18
1627856,126.6,100.0,26.6,0.071,2.0,28.6,0.04,0.276,0.167,14.3,0.5,0.5,0.057,17-18
1628475,120.8,54.2,66.7,0.0,0.0,0.0,0.0,0.083,0.05,14.3,0.417,0.417,0.0,17-18
203521,104.2,109.7,-5.5,0.296,2.96,40.8,0.021,0.075,0.047,13.8,0.457,0.5,0.061,17-18
203090,105.3,105.5,-0.2,0.061,1.33,12.7,0.036,0.09,0.063,9.6,0.577,0.596,0.072,17-18
1628467,101.8,105.3,-3.6,0.066,1.7,12.3,0.055,0.137,0.095,7.2,0.553,0.576,0.08,17-18
203086,103.3,112.1,-8.8,0.11,1.7,15.6,0.047,0.251,0.144,9.2,0.66,0.676,0.12,17-18
201563,106.6,110.6,-4.0,0.122,0.86,10.8,0.057,0.191,0.123,12.6,0.528,0.556,0.122,17-18
203487,103.5,106.9,-3.5,0.214,2.23,26.4,0.04,0.131,0.081,11.8,0.362,0.446,0.07,17-18
203077,109.0,107.2,1.8,0.057,1.34,9.3,0.044,0.115,0.079,7.0,0.504,0.536,0.074,17-18
201144,102.6,105.1,-2.6,0.234,2.72,18.8,0.0,0.07,0.036,6.9,0.452,0.52,0.109,17-18
1628455,103.5,106.1,-2.6,0.279,2.57,23.6,0.017,0.104,0.06,9.2,0.424,0.469,0.1,17-18
203488,103.5,107.9,-4.4,0.074,1.21,11.8,0.049,0.152,0.1,9.7,0.558,0.597,0.096,17-18
203118,105.6,107.6,-2.0,0.093,1.01,11.2,0.036,0.141,0.088,11.1,0.59,0.599,0.096,17-18
203101,99.1,106.4,-7.3,0.074,0.71,14.2,0.082,0.16,0.121,19.9,0.583,0.574,0.071,17-18
1628462,109.8,107.4,2.4,0.252,2.15,30.4,0.014,0.09,0.054,14.1,0.542,0.564,0.079,17-18
1628495,96.6,101.9,-5.3,0.122,5.0,16.1,0.021,0.125,0.069,3.2,0.319,0.337,0.03,17-18
1627851,0.0,0.0,0.0,0.0,0.0,0.0,0.0,0.0,0.0,0.0,0.0,0.0,-4.0,17-18
203141,98.2,108.6,-10.4,0.103,1.43,13.5,0.021,0.128,0.077,9.5,0.623,0.623,0.097,17-18
1628420,100.0,114.8,-14.8,0.368,7.0,46.7,0.0,0.08,0.041,6.7,0.667,0.727,0.167,17-18
1626149,109.1,107.0,2.1,0.093,1.09,9.5,0.081,0.146,0.115,8.7,0.636,0.647,0.144,17-18
1627988,105.6,109.7,-4.1,0.083,1.16,14.3,0.026,0.081,0.052,12.3,0.463,0.472,0.053,17-18
1626167,108.3,105.3,3.0,0.071,0.91,9.5,0.052,0.174,0.114,10.5,0.523,0.567,0.1,17-18
203489,105.4,105.9,-0.5,0.077,0.0,14.3,0.045,0.056,0.05,0.0,0.167,0.167,-0.026,17-18
1628513,250.0,0.0,250.0,0.0,0.0,0.0,0.0,0.0,0.0,0.0,1.5,1.5,0.6,17-18
202357,107.8,107.8,0.0,0.088,1.65,16.2,0.039,0.164,0.101,9.8,0.563,0.581,0.082,17-18
2403,115.2,98.1,17.1,0.093,1.18,12.3,0.074,0.156,0.116,10.4,0.569,0.594,0.092,17-18
203457,93.8,106.1,-12.3,0.07,0.77,12.3,0.092,0.273,0.174,16.0,0.524,0.558,0.115,17-18
2555,97.4,100.6,-3.2,0.087,0.57,11.1,0.086,0.176,0.129,19.4,0.684,0.627,0.09,17-18
201156,106.8,106.0,0.8,0.038,0.92,6.1,0.015,0.071,0.044,6.6,0.538,0.562,0.061,17-18
201587,109.2,109.6,-0.4,0.255,2.66,29.6,0.028,0.124,0.075,11.1,0.486,0.523,0.104,17-18
1627852,125.0,36.4,88.6,0.0,0.0,0.0,0.0,0.2,0.12,0.0,0.0,0.0,0.041,17-18
1628502,99.6,95.7,3.8,0.077,3.0,14.3,0.03,0.145,0.086,4.8,0.394,0.393,0.061,17-18
203917,99.7,104.3,-4.6,0.115,1.5,16.9,0.007,0.107,0.057,11.3,0.519,0.543,0.072,17-18
203999,114.0,107.8,6.2,0.286,2.18,25.3,0.081,0.254,0.168,11.6,0.554,0.603,0.169,17-18
202703,109.6,105.4,4.2,0.079,1.29,9.0,0.038,0.213,0.127,7.0,0.546,0.577,0.13,17-18
202696,106.1,107.5,-1.3,0.184,1.75,16.2,0.059,0.249,0.153,9.2,0.513,0.533,0.139,17-18
203943,102.5,104.6,-2.1,0.059,1.1,10.5,0.074,0.265,0.167,9.5,0.487,0.509,0.108,17-18
1626181,104.8,106.7,-1.9,0.122,1.35,16.4,0.013,0.1,0.056,12.1,0.472,0.492,0.056,17-18
1628384,113.0,103.0,10.0,0.049,1.22,11.7,0.03,0.09,0.061,9.5,0.577,0.587,0.056,17-18
1627855,101.2,100.6,0.6,0.034,2.0,10.0,0.041,0.099,0.071,5.0,0.563,0.577,0.057,17-18
204179,126.5,116.0,10.5,0.106,2.33,22.6,0.06,0.103,0.081,9.7,0.524,0.524,0.053,17-18
201600,104.5,110.9,-6.4,0.02,0.33,7.5,0.054,0.208,0.134,22.5,0.409,0.397,0.027,17-18
201956,106.5,103.4,3.2,0.099,1.38,15.7,0.044,0.205,0.132,11.4,0.604,0.632,0.119,17-18
203490,110.3,105.1,5.1,0.096,2.09,13.4,0.044,0.161,0.104,6.4,0.581,0.602,0.124,17-18
200782,114.8,103.4,11.4,0.047,1.04,12.4,0.041,0.16,0.101,12.0,0.52,0.537,0.059,17-18
1628408,66.7,100.0,-33.3,0.0,0.0,0.0,0.0,0.2,0.125,33.3,0.5,0.5,0.0,17-18
1627783,111.2,102.3,8.9,0.133,2.37,21.0,0.048,0.168,0.109,8.9,0.537,0.549,0.102,17-18
1626192,107.8,103.5,4.3,0.085,2.12,16.8,0.023,0.08,0.052,7.9,0.518,0.539,0.058,17-18
201976,110.9,104.9,6.0,0.15,1.28,17.4,0.047,0.092,0.069,13.6,0.504,0.53,0.076,17-18
1627775,106.4,109.8,-3.5,0.113,1.98,22.4,0.017,0.065,0.042,11.4,0.451,0.477,0.046,17-18
202335,102.6,105.7,-3.1,0.068,1.73,15.1,0.024,0.128,0.074,8.7,0.523,0.555,0.074,17-18
201988,107.8,105.3,2.6,0.158,2.16,21.5,0.012,0.061,0.036,10.0,0.523,0.558,0.075,17-18
2200,102.6,101.6,1.0,0.208,2.2,22.3,0.069,0.256,0.164,10.1,0.492,0.539,0.15,17-18
202331,109.7,106.0,3.7,0.143,1.24,13.3,0.023,0.132,0.076,10.7,0.521,0.57,0.12,17-18
200794,111.8,107.8,3.9,0.139,1.44,15.4,0.058,0.153,0.107,10.7,0.509,0.549,0.105,17-18
1627835,97.7,109.9,-12.2,0.086,1.07,13.7,0.015,0.147,0.078,12.8,0.425,0.445,0.042,17-18
203112,104.8,106.7,-1.9,0.061,0.95,11.2,0.028,0.153,0.091,11.7,0.496,0.525,0.058,17-18
202347,88.3,109.1,-20.8,0.078,0.82,11.7,0.035,0.103,0.066,14.3,0.316,0.398,0.019,17-18
1626188,106.2,108.4,-2.2,0.179,2.78,23.2,0.014,0.094,0.055,8.3,0.575,0.593,0.087,17-18
1626154,96.7,95.7,1.1,0.111,1.5,12.0,0.0,0.094,0.049,8.0,0.425,0.455,0.052,17-18
200765,107.5,106.8,0.8,0.406,3.53,44.5,0.018,0.124,0.074,12.6,0.518,0.522,0.115,17-18
201196,99.9,110.7,-10.8,0.297,2.57,30.8,0.015,0.086,0.049,12.0,0.393,0.479,0.079,17-18
1626173,104.9,106.7,-1.8,0.09,2.17,16.7,0.016,0.085,0.052,7.7,0.536,0.546,0.063,17-18
203526,104.9,95.4,9.5,0.23,2.08,27.1,0.014,0.079,0.048,13.0,0.52,0.55,0.088,17-18
101109,103.5,104.7,-1.3,0.255,2.67,23.9,0.018,0.097,0.056,9.0,0.479,0.494,0.101,17-18
203493,107.5,106.9,0.6,0.081,2.02,13.4,0.015,0.072,0.043,6.6,0.603,0.615,0.084,17-18
203687,71.4,107.1,-35.7,0.0,0.0,0.0,0.0,0.0,0.0,0.0,0.75,0.75,0.129,17-18
202704,107.1,106.6,0.4,0.331,2.4,24.5,0.023,0.084,0.052,10.2,0.471,0.516,0.108,17-18
2210,97.1,110.3,-13.2,0.135,3.0,30.0,0.011,0.099,0.052,10.0,0.481,0.499,0.047,17-18
1626158,104.1,105.7,-1.6,0.122,2.44,17.5,0.074,0.182,0.131,7.2,0.568,0.585,0.115,17-18
201937,105.9,101.2,4.7,0.283,1.98,26.5,0.02,0.139,0.08,13.4,0.476,0.537,0.115,17-18
203496,109.9,100.0,9.9,0.084,1.24,13.3,0.022,0.137,0.082,10.7,0.534,0.563,0.09,17-18
201577,101.6,107.7,-6.1,0.119,1.16,13.6,0.074,0.093,0.083,11.7,0.533,0.552,0.087,17-18
203918,106.6,108.9,-2.3,0.097,1.36,9.8,0.014,0.091,0.052,7.2,0.513,0.546,0.09,17-18
203585,111.9,106.5,5.5,0.075,4.25,17.5,0.035,0.078,0.055,4.1,0.596,0.595,0.066,17-18
1628681,98.3,107.4,-9.1,0.092,1.7,12.1,0.003,0.085,0.043,7.1,0.388,0.423,0.032,17-18
1627758,107.1,103.9,3.2,0.161,2.61,34.3,0.014,0.064,0.04,13.1,0.432,0.504,0.058,17-18
1626178,105.9,109.6,-3.7,0.143,1.38,14.6,0.05,0.175,0.113,10.6,0.481,0.548,0.119,17-18
1626220,106.3,97.6,8.7,0.122,1.73,20.3,0.022,0.175,0.101,11.8,0.496,0.54,0.092,17-18
200752,106.4,103.9,2.5,0.097,0.94,9.7,0.06,0.175,0.117,10.4,0.506,0.545,0.125,17-18
203497,107.7,98.3,9.4,0.068,0.75,10.5,0.093,0.234,0.165,14.1,0.622,0.657,0.147,17-18
201566,112.3,105.6,6.6,0.464,2.15,26.3,0.048,0.226,0.133,12.2,0.477,0.524,0.186,17-18
201583,113.8,106.9,6.9,0.05,1.43,9.6,0.054,0.139,0.096,6.7,0.568,0.592,0.077,17-18
1627853,100.2,102.5,-2.3,0.161,2.69,38.0,0.003,0.077,0.039,14.1,0.524,0.55,0.057,17-18
1626257,105.1,103.1,2.0,0.071,0.9,14.5,0.113,0.216,0.165,16.1,0.642,0.644,0.103,17-18
1626155,106.6,102.5,4.2,0.059,1.15,10.7,0.05,0.136,0.095,9.3,0.514,0.534,0.079,17-18
203816,77.3,113.6,-36.4,0.2,1.0,25.0,0.0,0.0,0.0,25.0,0.0,0.266,-0.031,17-18
203930,101.7,110.3,-8.6,0.121,1.21,11.2,0.007,0.131,0.066,9.3,0.452,0.507,0.086,17-18
1628400,97.1,103.6,-6.5,0.026,0.8,8.0,0.031,0.106,0.068,10.0,0.452,0.473,0.032,17-18
201586,112.8,106.1,6.8,0.044,0.69,6.3,0.037,0.183,0.112,9.1,0.552,0.574,0.098,17-18
203498,103.0,115.7,-12.7,0.055,2.33,6.1,0.057,0.136,0.095,2.6,0.465,0.51,0.09,17-18
203894,106.0,103.6,2.4,0.149,1.67,18.1,0.017,0.09,0.054,10.8,0.497,0.544,0.099,17-18
203499,99.0,98.6,0.5,0.21,2.97,26.6,0.019,0.101,0.059,9.0,0.454,0.491,0.084,17-18
1627885,107.9,101.8,6.1,0.199,2.5,25.3,0.023,0.13,0.077,10.1,0.5,0.54,0.101,17-18
2733,108.1,102.2,5.8,0.169,2.41,24.8,0.033,0.08,0.059,10.3,0.501,0.533,0.075,17-18
202714,103.1,105.7,-2.7,0.308,3.06,33.2,0.016,0.102,0.059,10.9,0.488,0.518,0.103,17-18
1628414,103.0,105.4,-2.4,0.081,1.28,17.3,0.028,0.086,0.058,13.5,0.479,0.519,0.045,17-18
1627746,104.5,108.8,-4.3,0.088,0.99,11.1,0.078,0.157,0.117,11.2,0.467,0.513,0.084,17-18
203524,101.9,107.1,-5.2,0.14,2.44,29.3,0.046,0.124,0.087,12.0,0.317,0.332,0.033,17-18
203915,107.3,108.6,-1.3,0.349,4.09,32.8,0.016,0.094,0.054,8.0,0.471,0.527,0.108,17-18
1626169,104.6,105.2,-0.6,0.086,1.45,13.7,0.017,0.115,0.065,9.4,0.435,0.48,0.059,17-18
201939,120.6,107.7,13.0,0.272,2.03,21.4,0.024,0.124,0.079,10.6,0.618,0.675,0.165,17-18
1628425,102.5,105.0,-2.5,0.049,1.0,9.4,0.035,0.147,0.091,9.4,0.478,0.503,0.063,17-18
203500,112.1,105.7,6.4,0.051,0.69,8.3,0.142,0.123,0.133,12.1,0.629,0.63,0.109,17-18
1628388,101.4,113.1,-11.7,0.028,0.9,5.6,0.058,0.119,0.087,6.2,0.537,0.545,0.061,17-18
204456,103.0,104.4,-1.4,0.258,2.71,35.5,0.021,0.1,0.062,13.1,0.531,0.545,0.099,17-18
203933,103.3,112.2,-9.0,0.069,1.0,6.3,0.055,0.093,0.074,6.3,0.507,0.541,0.107,17-18
201959,113.2,108.5,4.6,0.051,1.11,9.9,0.072,0.146,0.109,8.9,0.581,0.61,0.094,17-18
204028,97.7,105.0,-7.3,0.042,0.37,6.5,0.108,0.181,0.144,17.4,0.594,0.582,0.073,17-18
1627752,103.8,111.4,-7.5,0.135,1.12,14.7,0.02,0.138,0.078,13.1,0.516,0.549,0.09,17-18
1628390,104.9,109.4,-4.5,0.035,1.73,9.3,0.023,0.038,0.03,5.4,0.533,0.545,0.028,17-18
203082,103.9,107.7,-3.8,0.088,1.31,14.0,0.016,0.102,0.059,10.7,0.476,0.505,0.061,17-18
1626179,104.3,101.6,2.6,0.184,2.9,19.7,0.029,0.144,0.087,6.8,0.491,0.52,0.118,17-18
200757,104.6,100.8,3.8,0.066,1.1,10.1,0.038,0.17,0.104,9.1,0.558,0.591,0.114,17-18
201152,108.7,105.0,3.7,0.085,1.45,13.1,0.074,0.128,0.101,9.0,0.521,0.528,0.09,17-18
1628418,100.0,105.9,-5.9,0.128,3.0,18.2,0.041,0.197,0.117,6.1,0.405,0.441,0.075,17-18
1627748,105.8,110.8,-5.0,0.055,1.05,10.3,0.064,0.13,0.097,9.8,0.46,0.499,0.05,17-18
204025,102.4,108.0,-5.5,0.327,3.4,44.4,0.021,0.121,0.07,13.0,0.445,0.475,0.085,17-18
203501,107.9,109.8,-1.9,0.123,1.68,13.1,0.016,0.099,0.057,7.8,0.496,0.533,0.091,17-18
1627817,53.1,90.0,-36.9,0.25,0.5,14.3,0.0,0.188,0.1,28.6,0.333,0.515,0.1,17-18
202389,93.4,106.2,-12.8,0.05,0.33,7.3,0.083,0.178,0.129,22.0,0.581,0.617,0.085,17-18
1627789,102.6,102.7,-0.1,0.098,1.42,14.0,0.017,0.064,0.041,9.9,0.474,0.511,0.041,17-18
202699,108.3,110.6,-2.3,0.115,1.83,12.0,0.021,0.145,0.081,6.5,0.535,0.565,0.113,17-18
203107,107.1,105.6,1.5,0.246,3.45,35.9,0.045,0.099,0.072,10.4,0.585,0.615,0.106,17-18
2754,101.7,103.7,-2.0,0.051,0.47,7.0,0.074,0.091,0.083,14.7,0.505,0.514,0.036,17-18
1628396,93.8,96.8,-2.9,0.056,0.0,7.7,0.105,0.25,0.167,0.0,0.273,0.337,0.088,17-18
2225,104.5,105.8,-1.2,0.282,2.87,28.4,0.007,0.083,0.045,9.9,0.472,0.498,0.094,17-18
203503,109.4,110.3,-0.9,0.064,2.72,16.9,0.005,0.066,0.036,6.2,0.562,0.578,0.051,17-18
1628470,108.0,110.9,-2.9,0.054,1.25,12.8,0.064,0.134,0.1,10.2,0.515,0.535,0.056,17-18
204037,104.0,101.9,2.1,0.045,1.17,7.9,0.0,0.163,0.081,6.7,0.465,0.497,0.052,17-18
1626203,103.4,108.0,-4.6,0.082,2.19,17.7,0.036,0.079,0.056,8.1,0.525,0.553,0.047,17-18
2772,113.9,105.6,8.3,0.066,2.02,12.5,0.014,0.116,0.065,6.2,0.542,0.567,0.077,17-18
202344,105.0,105.7,-0.7,0.106,1.39,15.6,0.097,0.172,0.134,11.3,0.528,0.557,0.1,17-18
203504,111.1,115.3,-4.2,0.329,3.95,27.4,0.017,0.074,0.045,6.9,0.552,0.563,0.129,17-18
1626168,108.2,108.4,-0.2,0.105,1.49,11.9,0.039,0.215,0.125,8.0,0.566,0.591,0.128,17-18
203590,100.0,133.3,-33.3,0.0,0.0,0.0,0.0,0.0,0.0,0.0,0.0,0.0,0.0,17-18
202684,107.7,113.2,-5.5,0.043,0.92,9.8,0.113,0.21,0.161,10.7,0.562,0.569,0.085,17-18
203584,101.1,113.3,-12.2,0.047,0.86,6.8,0.007,0.069,0.037,8.0,0.563,0.583,0.058,17-18
1627786,108.0,112.0,-3.9,0.071,0.84,10.3,0.071,0.137,0.103,12.2,0.518,0.544,0.079,17-18
1628463,105.0,107.1,-2.1,0.076,2.08,13.4,0.081,0.171,0.122,6.5,0.546,0.567,0.082,17-18
1628416,101.5,108.7,-7.1,0.128,2.14,15.1,0.016,0.112,0.064,7.1,0.471,0.494,0.07,17-18
203898,101.2,103.0,-1.7,0.234,2.76,27.6,0.026,0.101,0.065,10.0,0.451,0.473,0.081,17-18
204020,105.5,104.5,1.0,0.123,2.04,16.3,0.016,0.105,0.06,8.0,0.518,0.549,0.087,17-18
1628399,75.0,225.0,-150.0,0.0,0.0,0.0,0.0,0.0,0.0,0.0,0.0,0.0,0.0,17-18
1627755,101.4,110.0,-8.6,0.282,2.45,30.0,0.014,0.061,0.037,12.3,0.426,0.465,0.073,17-18
203092,106.8,106.0,0.8,0.063,1.0,10.2,0.094,0.168,0.131,10.2,0.575,0.598,0.096,17-18
201936,106.5,106.4,0.1,0.304,2.3,21.0,0.027,0.137,0.083,9.1,0.523,0.561,0.16,17-18
1627820,106.1,107.6,-1.5,0.115,1.54,17.7,0.024,0.091,0.058,11.5,0.466,0.517,0.06,17-18
2199,100.9,111.1,-10.2,0.065,0.9,15.4,0.109,0.241,0.174,17.2,0.647,0.658,0.108,17-18
1626145,110.8,105.2,5.6,0.215,3.93,35.6,0.011,0.083,0.047,9.0,0.526,0.572,0.09,17-18
2617,91.4,92.3,-0.9,0.119,2.5,21.7,0.039,0.092,0.065,8.7,0.233,0.252,0.021,17-18
203505,103.2,85.6,17.6,0.086,1.0,25.0,0.0,0.022,0.013,25.0,0.2,0.255,-0.014,17-18
203506,109.9,104.0,5.9,0.209,1.47,15.8,0.019,0.132,0.077,10.7,0.537,0.577,0.148,17-18
1713,103.4,106.7,-3.3,0.099,1.92,17.1,0.017,0.13,0.071,8.9,0.504,0.523,0.073,17-18
1626205,105.9,75.0,30.9,0.0,0.0,0.0,0.182,0.167,0.176,16.7,0.6,0.6,0.25,17-18
1627735,104.2,98.2,6.0,0.093,1.25,14.7,0.014,0.09,0.054,11.8,0.762,0.748,0.094,17-18
1627215,109.0,123.5,-14.5,0.172,1.25,19.2,0.0,0.065,0.033,15.4,0.469,0.491,0.03,17-18
201961,106.8,104.6,2.2,0.06,1.52,9.3,0.011,0.094,0.053,6.1,0.569,0.588,0.085,17-18
1627782,100.3,108.7,-8.4,0.154,1.22,15.9,0.023,0.06,0.041,13.0,0.522,0.551,0.072,17-18
1628411,100.3,104.9,-4.6,0.084,1.9,17.5,0.033,0.1,0.065,9.2,0.447,0.48,0.053,17-18
202325,105.2,106.5,-1.4,0.056,1.11,12.0,0.019,0.122,0.071,10.8,0.489,0.512,0.058,17-18
202083,103.8,111.0,-7.2,0.125,2.07,17.3,0.013,0.085,0.047,8.3,0.516,0.541,0.071,17-18
203115,110.7,108.6,2.1,0.185,2.22,20.7,0.026,0.126,0.075,9.3,0.528,0.562,0.109,17-18
1626161,101.8,109.6,-7.8,0.135,1.58,14.8,0.064,0.197,0.128,9.4,0.504,0.529,0.115,17-18
203186,107.8,105.1,2.8,0.035,0.53,5.7,0.08,0.205,0.142,10.9,0.674,0.671,0.115,17-18
1626195,103.2,103.1,0.1,0.109,0.94,12.1,0.115,0.248,0.179,12.8,0.57,0.604,0.134,17-18
201163,110.5,109.1,1.4,0.094,1.73,17.1,0.044,0.127,0.085,9.9,0.515,0.542,0.072,17-18
204098,90.5,113.6,-23.2,0.364,2.0,30.8,0.05,0.0,0.028,15.4,0.167,0.218,-0.047,17-18
1628504,89.6,113.7,-24.2,0.247,1.64,24.0,0.0,0.053,0.022,14.7,0.298,0.315,-0.011,17-18
202918,105.9,100.0,5.9,0.0,0.0,0.0,0.091,0.125,0.105,0.0,0.0,0.0,-0.07,17-18
1627812,103.4,103.2,0.2,0.137,2.58,19.1,0.011,0.097,0.054,7.4,0.518,0.54,0.082,17-18
1628380,107.6,106.3,1.3,0.07,0.9,12.5,0.044,0.163,0.105,13.9,0.458,0.475,0.052,17-18
203897,102.6,114.7,-12.1,0.187,1.67,14.0,0.013,0.138,0.071,8.3,0.442,0.499,0.092,17-18
2216,102.5,114.7,-12.2,0.146,1.09,12.1,0.063,0.215,0.135,11.1,0.507,0.529,0.122,17-18
2585,116.5,107.1,9.4,0.141,1.51,22.5,0.1,0.223,0.167,14.8,0.564,0.612,0.106,17-18
1627753,81.5,107.6,-26.1,0.028,0.2,4.0,0.042,0.116,0.078,20.0,0.219,0.295,-0.005,17-18
