PLAYER_ID,PCT_FGA_2PT,PCT_FGA_3PT,PCT_PTS_2PT,PCT_PTS_2PT_MR,PCT_PTS_3PT,PCT_PTS_FB,PCT_PTS_FT,PCT_PTS_OFF_TOV,PCT_PTS_PAINT,PCT_AST_2PM,PCT_UAST_2PM,PCT_AST_3PM,PCT_UAST_3PM,PCT_AST_FGM,PCT_UAST_FGM,SEASON
201985,0.522,0.478,0.591,0.409,0.409,0.114,0.0,0.114,0.182,0.231,0.769,0.833,0.167,0.421,0.579,13-14
201166,0.573,0.427,0.425,0.099,0.447,0.109,0.128,0.138,0.326,0.139,0.861,0.698,0.302,0.369,0.631,13-14
201189,0.984,0.016,0.831,0.092,0.0,0.031,0.169,0.108,0.738,0.667,0.333,0.0,0.0,0.667,0.333,13-14
203519,0.643,0.357,0.714,0.286,0.214,0.429,0.072,0.357,0.429,0.2,0.8,1.0,0.0,0.333,0.667,13-14
1733,0.517,0.483,0.427,0.053,0.453,0.098,0.12,0.164,0.373,0.646,0.354,1.0,0.0,0.793,0.207,13-14
201143,0.974,0.026,0.87,0.327,0.022,0.112,0.108,0.158,0.543,0.709,0.291,1.0,0.0,0.714,0.286,13-14
2744,0.989,0.011,0.875,0.257,0.006,0.017,0.119,0.14,0.617,0.611,0.389,1.0,0.0,0.613,0.387,13-14
202329,0.903,0.097,0.773,0.15,0.068,0.199,0.159,0.191,0.622,0.674,0.326,1.0,0.0,0.692,0.308,13-14
101187,0.489,0.511,0.39,0.135,0.447,0.115,0.163,0.154,0.255,0.436,0.564,0.893,0.107,0.634,0.366,13-14
202692,0.828,0.172,0.606,0.151,0.138,0.164,0.256,0.155,0.455,0.327,0.673,0.82,0.18,0.392,0.608,13-14
203458,1.0,0.0,0.767,0.093,0.0,0.058,0.233,0.116,0.674,0.485,0.515,0.0,0.0,0.485,0.515,13-14
203144,0.57,0.43,0.368,0.032,0.36,0.236,0.272,0.168,0.336,0.391,0.609,0.633,0.367,0.487,0.513,13-14
201582,0.996,0.004,0.829,0.201,0.0,0.018,0.171,0.152,0.628,0.706,0.294,0.0,0.0,0.706,0.294,13-14
203459,0.576,0.424,0.364,0.121,0.545,0.061,0.091,0.152,0.242,0.667,0.333,0.833,0.167,0.75,0.25,13-14
202087,0.754,0.246,0.612,0.085,0.221,0.221,0.167,0.178,0.527,0.633,0.367,0.947,0.053,0.694,0.306,13-14
2405,1.0,0.0,0.806,0.212,0.0,0.028,0.194,0.145,0.593,0.621,0.379,0.0,0.0,0.621,0.379,13-14
101161,0.892,0.108,0.811,0.103,0.075,0.079,0.114,0.173,0.708,0.71,0.29,0.95,0.05,0.724,0.276,13-14
2760,0.985,0.015,0.832,0.275,0.0,0.059,0.168,0.123,0.557,0.683,0.317,0.0,0.0,0.683,0.317,13-14
101154,0.92,0.08,0.745,0.2,0.055,0.061,0.2,0.172,0.546,0.539,0.461,0.933,0.067,0.558,0.442,13-14
203083,0.997,0.003,0.875,0.004,0.0,0.153,0.125,0.191,0.871,0.574,0.426,0.0,0.0,0.574,0.426,13-14
2738,0.618,0.382,0.537,0.116,0.316,0.255,0.147,0.236,0.422,0.506,0.494,0.903,0.097,0.618,0.382,13-14
1889,0.909,0.091,0.671,0.113,0.117,0.095,0.212,0.113,0.558,0.189,0.811,0.909,0.091,0.264,0.736,13-14
203460,0.809,0.191,0.827,0.0,0.08,0.28,0.093,0.227,0.827,0.452,0.548,1.0,0.0,0.485,0.515,13-14
200745,0.785,0.215,0.688,0.305,0.161,0.039,0.151,0.177,0.384,0.76,0.24,0.967,0.033,0.788,0.212,13-14
1905,0.969,0.031,0.717,0.035,0.013,0.115,0.27,0.212,0.681,0.691,0.309,1.0,0.0,0.695,0.305,13-14
101106,1.0,0.0,0.955,0.02,0.0,0.069,0.045,0.171,0.935,0.715,0.285,0.0,0.0,0.715,0.285,13-14
101115,1.0,0.0,0.836,0.187,0.0,0.018,0.164,0.138,0.649,0.479,0.521,0.0,0.0,0.479,0.521,13-14
203094,0.788,0.212,0.699,0.359,0.193,0.03,0.108,0.106,0.34,0.586,0.414,0.964,0.036,0.644,0.356,13-14
2740,1.0,0.0,0.667,0.0,0.0,0.0,0.333,0.667,0.667,1.0,0.0,0.0,0.0,1.0,0.0,13-14
1712,0.554,0.446,0.5,0.095,0.286,0.131,0.214,0.202,0.405,0.762,0.238,1.0,0.0,0.828,0.172,13-14
203461,0.764,0.236,0.618,0.203,0.18,0.078,0.202,0.175,0.415,0.612,0.388,1.0,0.0,0.675,0.325,13-14
203076,0.991,0.009,0.746,0.207,0.004,0.139,0.25,0.174,0.539,0.667,0.333,1.0,0.0,0.669,0.331,13-14
201627,0.625,0.375,0.472,0.226,0.415,0.124,0.113,0.148,0.245,0.653,0.347,0.932,0.068,0.756,0.244,13-14
201576,0.653,0.347,0.485,0.126,0.262,0.218,0.253,0.233,0.359,0.56,0.44,1.0,0.0,0.676,0.324,13-14
201229,0.195,0.805,0.137,0.036,0.779,0.099,0.084,0.14,0.102,0.741,0.259,1.0,0.0,0.946,0.054,13-14
203462,0.784,0.216,0.732,0.021,0.077,0.278,0.191,0.32,0.711,0.38,0.62,1.0,0.0,0.421,0.579,13-14
202620,1.0,0.0,0.667,0.0,0.0,0.0,0.333,0.333,0.667,0.0,1.0,0.0,0.0,0.0,1.0,13-14
203102,1.0,0.0,0.889,0.444,0.0,0.167,0.111,0.333,0.444,0.75,0.25,0.0,0.0,0.75,0.25,13-14
203382,1.0,0.0,0.882,0.137,0.0,0.025,0.118,0.093,0.745,0.648,0.352,0.0,0.0,0.648,0.352,13-14
201167,0.703,0.297,0.505,0.302,0.289,0.129,0.206,0.139,0.203,0.53,0.47,0.883,0.117,0.627,0.373,13-14
201948,0.456,0.544,0.364,0.152,0.545,0.061,0.091,0.061,0.212,0.333,0.667,1.0,0.0,0.667,0.333,13-14
203085,0.791,0.209,0.589,0.038,0.204,0.119,0.207,0.172,0.551,0.218,0.782,0.972,0.028,0.359,0.641,13-14
202340,0.758,0.242,0.633,0.377,0.266,0.16,0.101,0.209,0.256,0.543,0.457,0.937,0.063,0.629,0.371,13-14
2732,0.731,0.269,0.586,0.263,0.242,0.091,0.172,0.202,0.323,0.655,0.345,1.0,0.0,0.73,0.27,13-14
203463,0.563,0.437,0.444,0.15,0.396,0.256,0.16,0.167,0.294,0.619,0.381,0.947,0.053,0.741,0.259,13-14
2757,0.764,0.236,0.59,0.3,0.285,0.05,0.125,0.06,0.29,0.373,0.627,0.947,0.053,0.513,0.487,13-14
203108,0.957,0.043,0.786,0.0,0.0,0.179,0.214,0.286,0.786,0.545,0.455,0.0,0.0,0.545,0.455,13-14
202687,1.0,0.0,0.793,0.045,0.0,0.036,0.207,0.126,0.748,0.716,0.284,0.0,0.0,0.716,0.284,13-14
201933,0.968,0.032,0.732,0.178,0.019,0.206,0.249,0.176,0.553,0.649,0.351,0.833,0.167,0.652,0.348,13-14
2564,0.807,0.193,0.717,0.145,0.188,0.068,0.095,0.126,0.572,0.584,0.416,1.0,0.0,0.646,0.354,13-14
203078,0.701,0.299,0.549,0.309,0.331,0.183,0.12,0.173,0.24,0.513,0.487,0.942,0.058,0.636,0.364,13-14
201148,1.0,0.0,0.853,0.042,0.0,0.072,0.147,0.143,0.811,0.875,0.125,0.0,0.0,0.875,0.125,13-14
101138,0.992,0.008,0.768,0.321,0.007,0.064,0.225,0.175,0.448,0.603,0.397,0.5,0.5,0.602,0.398,13-14
203561,0.922,0.078,0.722,0.083,0.042,0.215,0.236,0.229,0.639,0.731,0.269,1.0,0.0,0.741,0.259,13-14
201943,0.597,0.403,0.434,0.145,0.372,0.206,0.194,0.187,0.288,0.23,0.77,0.448,0.552,0.31,0.69,13-14
202688,0.69,0.31,0.544,0.163,0.256,0.192,0.2,0.182,0.381,0.296,0.704,0.645,0.355,0.38,0.62,13-14
201575,0.478,0.522,0.354,0.203,0.608,0.076,0.038,0.063,0.152,0.357,0.643,0.813,0.188,0.6,0.4,13-14
203148,0.694,0.306,0.532,0.292,0.284,0.084,0.184,0.162,0.239,0.311,0.689,0.688,0.313,0.41,0.59,13-14
201572,0.996,0.004,0.733,0.199,0.0,0.051,0.267,0.156,0.534,0.605,0.395,0.0,0.0,0.605,0.395,13-14
201957,0.461,0.539,0.423,0.116,0.524,0.201,0.053,0.127,0.307,0.6,0.4,0.97,0.03,0.767,0.233,13-14
201228,0.566,0.434,0.449,0.184,0.384,0.22,0.167,0.229,0.266,0.387,0.613,0.83,0.17,0.548,0.452,13-14
203468,0.551,0.449,0.438,0.179,0.448,0.119,0.114,0.174,0.259,0.364,0.636,0.9,0.1,0.581,0.419,13-14
101139,0.484,0.516,0.378,0.131,0.495,0.161,0.127,0.155,0.247,0.674,0.326,0.94,0.06,0.798,0.202,13-14
201171,1.0,0.0,0.816,0.395,0.0,0.026,0.184,0.092,0.421,0.742,0.258,0.0,0.0,0.742,0.258,13-14
2430,0.998,0.002,0.858,0.34,0.0,0.036,0.142,0.144,0.518,0.711,0.289,0.0,0.0,0.711,0.289,13-14
2546,0.747,0.253,0.545,0.321,0.237,0.062,0.218,0.154,0.224,0.292,0.708,0.713,0.287,0.386,0.614,13-14
2406,0.539,0.461,0.392,0.303,0.501,0.08,0.107,0.169,0.089,0.565,0.435,0.939,0.061,0.737,0.263,13-14
203467,0.643,0.357,0.526,0.0,0.316,0.316,0.158,0.211,0.526,1.0,0.0,1.0,0.0,1.0,0.0,13-14
201858,0.428,0.572,0.316,0.14,0.538,0.094,0.146,0.128,0.176,0.827,0.173,0.949,0.051,0.892,0.108,13-14
203810,0.5,0.5,0.458,0.083,0.438,0.063,0.104,0.333,0.375,0.455,0.545,0.714,0.286,0.556,0.444,13-14
202718,0.644,0.356,0.548,0.064,0.318,0.214,0.134,0.166,0.485,0.527,0.473,0.946,0.054,0.644,0.356,13-14
101112,0.445,0.555,0.387,0.18,0.527,0.071,0.086,0.147,0.207,0.477,0.523,0.981,0.019,0.717,0.283,13-14
101111,0.391,0.609,0.457,0.087,0.457,0.087,0.086,0.207,0.37,0.667,0.333,1.0,0.0,0.8,0.2,13-14
201978,0.528,0.472,0.423,0.095,0.46,0.204,0.117,0.175,0.328,0.707,0.293,0.976,0.024,0.82,0.18,13-14
1497,0.392,0.608,0.278,0.222,0.583,0.0,0.139,0.222,0.056,0.3,0.7,0.643,0.357,0.5,0.5,13-14
2365,0.956,0.044,0.73,0.029,0.019,0.027,0.251,0.201,0.7,0.707,0.293,1.0,0.0,0.712,0.288,13-14
203569,0.1,0.9,0.182,0.0,0.818,0.0,0.0,0.091,0.182,1.0,0.0,1.0,0.0,1.0,0.0,13-14
2547,0.771,0.229,0.653,0.265,0.173,0.02,0.174,0.144,0.387,0.773,0.227,0.959,0.041,0.801,0.199,13-14
203142,0.325,0.675,0.288,0.013,0.647,0.052,0.065,0.131,0.275,0.273,0.727,0.909,0.091,0.655,0.345,13-14
201604,0.476,0.524,0.354,0.041,0.451,0.248,0.195,0.136,0.313,0.533,0.467,0.961,0.039,0.73,0.27,13-14
203187,0.407,0.593,0.336,0.04,0.516,0.22,0.148,0.256,0.296,0.667,0.333,0.977,0.023,0.824,0.176,13-14
2549,0.991,0.009,0.871,0.317,0.0,0.02,0.129,0.114,0.554,0.659,0.341,0.0,0.0,0.659,0.341,13-14
101108,0.756,0.244,0.554,0.26,0.197,0.105,0.249,0.199,0.294,0.152,0.848,0.487,0.513,0.217,0.783,13-14
202698,0.716,0.284,0.48,0.187,0.28,0.133,0.24,0.293,0.293,0.444,0.556,1.0,0.0,0.6,0.4,13-14
203147,0.0,0.0,0.0,0.0,0.0,0.0,1.0,0.0,0.0,0.0,0.0,0.0,0.0,0.0,0.0,13-14
202874,0.971,0.029,0.875,0.042,0.0,0.188,0.125,0.125,0.833,0.714,0.286,0.0,0.0,0.714,0.286,13-14
101236,0.992,0.008,0.848,0.03,0.0,0.023,0.152,0.098,0.818,0.589,0.411,0.0,0.0,0.589,0.411,13-14
203469,0.998,0.002,0.702,0.171,0.0,0.131,0.298,0.188,0.531,0.651,0.349,0.0,0.0,0.651,0.349,13-14
202332,1.0,0.0,0.717,0.022,0.0,0.0,0.283,0.109,0.696,0.545,0.455,0.0,0.0,0.545,0.455,13-14
201147,0.739,0.261,0.659,0.06,0.177,0.43,0.164,0.24,0.599,0.675,0.325,0.949,0.051,0.716,0.284,13-14
202709,0.857,0.143,0.665,0.251,0.105,0.21,0.23,0.187,0.414,0.395,0.605,1.0,0.0,0.452,0.548,13-14
201584,0.684,0.316,0.586,0.302,0.284,0.189,0.13,0.184,0.284,0.498,0.502,0.917,0.083,0.6,0.4,13-14
201571,0.538,0.462,0.355,0.12,0.429,0.12,0.216,0.159,0.234,0.297,0.703,0.639,0.361,0.45,0.55,13-14
203474,1.0,0.0,0.857,0.0,0.0,0.286,0.143,0.286,0.857,0.0,1.0,0.0,0.0,0.0,1.0,13-14
201591,1.0,0.0,0.0,0.0,0.0,0.0,1.0,0.0,0.0,0.0,0.0,0.0,0.0,0.0,0.0,13-14
203081,0.575,0.425,0.395,0.11,0.386,0.104,0.219,0.146,0.286,0.269,0.731,0.596,0.404,0.398,0.602,13-14
202345,0.778,0.222,0.667,0.333,0.0,0.333,0.333,0.333,0.333,0.5,0.5,0.0,0.0,0.5,0.5,13-14
202350,1.0,0.0,0.646,0.215,0.0,0.092,0.354,0.046,0.431,0.762,0.238,0.0,0.0,0.762,0.238,13-14
101122,0.583,0.417,0.432,0.16,0.382,0.16,0.186,0.16,0.272,0.466,0.534,0.977,0.023,0.655,0.345,13-14
201980,0.37,0.63,0.278,0.074,0.641,0.199,0.081,0.199,0.204,0.709,0.291,0.917,0.083,0.835,0.165,13-14
201967,0.99,0.01,0.925,0.514,0.0,0.127,0.075,0.163,0.412,0.847,0.153,0.0,0.0,0.847,0.153,13-14
203130,0.571,0.429,0.0,0.0,0.0,0.0,1.0,0.0,0.0,0.0,0.0,0.0,0.0,0.0,0.0,13-14
203121,0.536,0.464,0.48,0.29,0.375,0.085,0.145,0.155,0.19,0.625,0.375,0.92,0.08,0.726,0.274,13-14
202721,0.604,0.396,0.505,0.093,0.336,0.206,0.159,0.224,0.411,0.259,0.741,0.583,0.417,0.359,0.641,13-14
201589,0.844,0.156,0.688,0.494,0.18,0.07,0.132,0.165,0.195,0.833,0.167,1.0,0.0,0.858,0.142,13-14
201954,0.728,0.272,0.555,0.206,0.234,0.239,0.211,0.183,0.349,0.344,0.656,0.901,0.099,0.466,0.534,13-14
101135,0.999,0.001,0.816,0.097,0.0,0.097,0.184,0.133,0.719,0.68,0.32,0.0,0.0,0.68,0.32,13-14
2561,0.984,0.016,0.812,0.354,0.011,0.025,0.177,0.124,0.458,0.665,0.335,1.0,0.0,0.668,0.332,13-14
201599,1.0,0.0,0.813,0.007,0.0,0.147,0.187,0.151,0.806,0.744,0.256,0.0,0.0,0.744,0.256,13-14
202732,1.0,0.0,1.0,0.0,0.0,0.0,0.0,0.0,1.0,0.0,1.0,0.0,0.0,0.0,1.0,13-14
201971,0.995,0.005,0.845,0.024,0.0,0.095,0.155,0.129,0.821,0.733,0.267,0.0,0.0,0.733,0.267,13-14
201942,0.851,0.149,0.603,0.319,0.107,0.091,0.29,0.177,0.284,0.465,0.535,0.844,0.156,0.505,0.495,13-14
202326,0.994,0.006,0.732,0.181,0.0,0.058,0.268,0.129,0.551,0.533,0.467,0.0,0.0,0.533,0.467,13-14
201960,0.583,0.417,0.506,0.074,0.359,0.22,0.135,0.215,0.432,0.707,0.293,0.938,0.062,0.781,0.219,13-14
203471,0.777,0.223,0.678,0.131,0.164,0.148,0.158,0.175,0.546,0.339,0.661,0.9,0.1,0.417,0.583,13-14
965,0.366,0.634,0.249,0.16,0.621,0.104,0.13,0.165,0.089,0.623,0.377,0.739,0.261,0.695,0.305,13-14
101114,0.626,0.374,0.49,0.203,0.321,0.106,0.189,0.208,0.286,0.29,0.71,0.765,0.235,0.435,0.565,13-14
202324,0.999,0.001,0.804,0.111,0.0,0.035,0.196,0.107,0.693,0.628,0.372,0.0,0.0,0.628,0.372,13-14
201565,0.713,0.287,0.528,0.101,0.302,0.182,0.17,0.119,0.428,0.405,0.595,0.875,0.125,0.534,0.466,13-14
202682,0.795,0.205,0.577,0.119,0.125,0.226,0.298,0.196,0.458,0.6,0.4,0.846,0.154,0.631,0.369,13-14
2734,0.602,0.398,0.413,0.089,0.295,0.232,0.292,0.2,0.324,0.262,0.738,0.677,0.323,0.396,0.604,13-14
203473,1.0,0.0,0.784,0.144,0.0,0.186,0.216,0.165,0.639,0.605,0.395,0.0,0.0,0.605,0.395,13-14
202354,1.0,0.0,0.0,0.0,0.0,0.0,1.0,0.0,0.0,0.0,0.0,0.0,0.0,0.0,0.0,13-14
203197,0.638,0.362,0.524,0.121,0.435,0.109,0.041,0.198,0.403,0.354,0.646,0.889,0.111,0.545,0.455,13-14
203079,0.748,0.252,0.607,0.293,0.248,0.127,0.145,0.179,0.314,0.355,0.645,0.87,0.13,0.465,0.535,13-14
202091,0.5,0.5,0.366,0.141,0.38,0.282,0.254,0.183,0.225,0.615,0.385,1.0,0.0,0.773,0.227,13-14
1717,0.742,0.258,0.579,0.412,0.227,0.062,0.194,0.14,0.167,0.5,0.5,0.947,0.053,0.592,0.408,13-14
202388,0.641,0.359,0.618,0.182,0.273,0.127,0.109,0.182,0.436,0.118,0.882,0.9,0.1,0.295,0.705,13-14
202700,0.716,0.284,0.645,0.029,0.185,0.091,0.17,0.135,0.616,0.727,0.273,1.0,0.0,0.771,0.229,13-14
2748,0.32,0.68,0.245,0.087,0.603,0.134,0.152,0.181,0.157,0.595,0.405,0.971,0.029,0.829,0.171,13-14
203117,0.438,0.563,0.283,0.136,0.565,0.084,0.152,0.115,0.147,0.481,0.519,0.917,0.083,0.73,0.27,13-14
203110,0.641,0.359,0.517,0.114,0.323,0.1,0.16,0.149,0.403,0.636,0.364,0.945,0.055,0.727,0.273,13-14
2400,0.881,0.119,0.754,0.383,0.115,0.022,0.131,0.142,0.372,0.638,0.362,0.857,0.143,0.658,0.342,13-14
202779,0.646,0.354,0.465,0.14,0.349,0.07,0.186,0.116,0.326,0.5,0.5,1.0,0.0,0.667,0.333,13-14
2730,0.991,0.009,0.726,0.008,0.005,0.051,0.269,0.108,0.719,0.51,0.49,1.0,0.0,0.512,0.488,13-14
2548,0.958,0.042,0.79,0.241,0.026,0.15,0.184,0.187,0.549,0.429,0.571,0.778,0.222,0.436,0.564,13-14
202734,0.647,0.353,0.553,0.16,0.343,0.228,0.104,0.204,0.393,0.449,0.551,0.93,0.07,0.59,0.41,13-14
201947,0.533,0.467,0.436,0.179,0.479,0.097,0.085,0.132,0.257,0.643,0.357,1.0,0.0,0.794,0.206,13-14
2248,0.364,0.636,0.167,0.167,0.5,0.0,0.333,0.0,0.0,0.0,1.0,1.0,0.0,0.667,0.333,13-14
202334,1.0,0.0,0.868,0.106,0.0,0.087,0.132,0.151,0.762,0.703,0.297,0.0,0.0,0.703,0.297,13-14
202327,1.0,0.0,0.792,0.194,0.0,0.069,0.208,0.146,0.597,0.737,0.263,0.0,0.0,0.737,0.263,13-14
203548,1.0,0.0,0.0,0.0,0.0,0.0,1.0,0.0,0.0,0.0,0.0,0.0,0.0,0.0,0.0,13-14
202343,0.629,0.371,0.51,0.064,0.275,0.277,0.215,0.255,0.446,0.583,0.417,0.865,0.135,0.657,0.343,13-14
1882,0.994,0.006,0.854,0.32,0.0,0.064,0.146,0.153,0.535,0.832,0.168,0.0,0.0,0.832,0.168,13-14
202683,0.999,0.001,0.849,0.201,0.0,0.046,0.151,0.107,0.648,0.539,0.461,0.0,0.0,0.539,0.461,13-14
202339,0.748,0.252,0.564,0.139,0.197,0.235,0.239,0.172,0.425,0.126,0.874,0.44,0.56,0.185,0.815,13-14
201569,0.684,0.316,0.516,0.138,0.307,0.214,0.177,0.165,0.379,0.373,0.627,0.871,0.129,0.514,0.486,13-14
201953,0.634,0.366,0.488,0.171,0.439,0.183,0.073,0.134,0.317,0.2,0.8,0.917,0.083,0.469,0.531,13-14
203513,0.769,0.231,1.0,0.333,0.0,0.333,0.0,0.0,0.667,1.0,0.0,0.0,0.0,1.0,0.0,13-14
101141,0.774,0.226,0.647,0.275,0.18,0.094,0.173,0.21,0.372,0.775,0.225,1.0,0.0,0.81,0.19,13-14
203095,0.564,0.436,0.436,0.082,0.418,0.15,0.146,0.161,0.354,0.482,0.518,0.899,0.101,0.645,0.355,13-14
202323,0.847,0.153,0.679,0.258,0.133,0.133,0.188,0.167,0.421,0.406,0.594,0.98,0.02,0.472,0.528,13-14
101128,0.344,0.656,0.311,0.044,0.657,0.114,0.032,0.152,0.267,0.388,0.612,0.957,0.043,0.72,0.28,13-14
203539,0.767,0.233,0.685,0.164,0.205,0.233,0.11,0.288,0.521,0.36,0.64,1.0,0.0,0.467,0.533,13-14
202066,0.794,0.206,0.652,0.29,0.13,0.319,0.218,0.348,0.362,0.511,0.489,0.5,0.5,0.51,0.49,13-14
202390,0.618,0.382,0.456,0.263,0.372,0.093,0.172,0.13,0.193,0.472,0.528,0.706,0.294,0.554,0.446,13-14
201588,0.578,0.422,0.453,0.125,0.365,0.127,0.182,0.163,0.328,0.362,0.638,0.842,0.158,0.529,0.471,13-14
101123,0.493,0.507,0.377,0.164,0.473,0.204,0.15,0.157,0.213,0.377,0.623,0.838,0.162,0.587,0.413,13-14
201945,0.876,0.124,0.672,0.37,0.111,0.093,0.217,0.144,0.302,0.551,0.449,0.9,0.1,0.586,0.414,13-14
2222,0.722,0.278,0.651,0.04,0.191,0.141,0.158,0.228,0.611,0.649,0.351,1.0,0.0,0.707,0.293,13-14
203507,0.718,0.282,0.503,0.038,0.234,0.246,0.263,0.213,0.465,0.621,0.379,0.707,0.293,0.642,0.358,13-14
203540,0.598,0.402,0.651,0.386,0.253,0.145,0.096,0.313,0.265,0.556,0.444,1.0,0.0,0.647,0.353,13-14
201175,0.981,0.019,0.833,0.368,0.019,0.041,0.148,0.119,0.465,0.682,0.318,0.75,0.25,0.683,0.317,13-14
203318,0.541,0.459,0.375,0.0,0.469,0.281,0.156,0.281,0.375,0.667,0.333,1.0,0.0,0.818,0.182,13-14
201609,0.726,0.274,0.558,0.141,0.237,0.248,0.205,0.165,0.416,0.209,0.791,0.533,0.467,0.281,0.719,13-14
202330,0.729,0.271,0.546,0.258,0.204,0.216,0.25,0.174,0.288,0.402,0.598,0.894,0.106,0.5,0.5,13-14
203476,0.996,0.004,0.783,0.112,0.01,0.08,0.207,0.143,0.671,0.705,0.295,1.0,0.0,0.708,0.292,13-14
202328,0.999,0.001,0.807,0.085,0.0,0.114,0.193,0.153,0.722,0.558,0.442,0.0,0.0,0.558,0.442,13-14
201141,1.0,0.0,0.806,0.0,0.0,0.03,0.194,0.119,0.806,0.778,0.222,0.0,0.0,0.778,0.222,13-14
202962,1.0,0.0,0.947,0.0,0.0,0.105,0.053,0.053,0.947,0.444,0.556,0.0,0.0,0.444,0.556,13-14
201880,0.992,0.008,0.881,0.088,0.0,0.0,0.119,0.239,0.792,0.7,0.3,0.0,0.0,0.7,0.3,13-14
202349,0.561,0.439,0.443,0.148,0.431,0.102,0.126,0.16,0.296,0.214,0.786,0.807,0.193,0.448,0.552,13-14
202970,1.0,0.0,0.929,0.107,0.0,0.116,0.071,0.223,0.821,0.788,0.212,0.0,0.0,0.788,0.212,13-14
202380,1.0,0.0,1.0,0.0,0.0,0.0,0.0,0.333,1.0,0.667,0.333,0.0,0.0,0.667,0.333,13-14
203084,0.72,0.28,0.556,0.133,0.268,0.144,0.176,0.186,0.423,0.493,0.507,0.97,0.03,0.609,0.391,13-14
201934,1.0,0.0,0.963,0.296,0.0,0.074,0.037,0.148,0.667,0.846,0.154,0.0,0.0,0.846,0.154,13-14
2045,0.541,0.459,0.348,0.157,0.574,0.113,0.078,0.13,0.191,0.7,0.3,0.909,0.091,0.81,0.19,13-14
203156,0.996,0.004,0.743,0.229,0.0,0.071,0.257,0.157,0.514,0.592,0.408,0.0,0.0,0.592,0.408,13-14
200756,1.0,0.0,0.72,0.16,0.0,0.2,0.28,0.2,0.56,0.444,0.556,0.0,0.0,0.444,0.556,13-14
203138,0.551,0.449,0.451,0.113,0.436,0.124,0.113,0.156,0.338,0.635,0.365,0.94,0.06,0.754,0.246,13-14
203546,0.537,0.463,0.441,0.118,0.485,0.118,0.074,0.162,0.324,0.4,0.6,0.909,0.091,0.615,0.385,13-14
101133,0.995,0.005,0.669,0.074,0.0,0.022,0.331,0.151,0.596,0.659,0.341,0.0,0.0,0.659,0.341,13-14
202697,0.529,0.471,0.432,0.186,0.461,0.111,0.107,0.226,0.246,0.271,0.729,0.829,0.171,0.503,0.497,13-14
203477,0.368,0.632,0.257,0.059,0.535,0.198,0.208,0.139,0.198,0.308,0.692,0.778,0.222,0.581,0.419,13-14
202738,0.668,0.332,0.504,0.161,0.26,0.177,0.236,0.161,0.343,0.241,0.759,0.528,0.472,0.315,0.685,13-14
202397,0.918,0.082,0.904,0.192,0.011,0.245,0.085,0.264,0.713,0.153,0.847,0.0,1.0,0.151,0.849,13-14
200826,0.648,0.352,0.548,0.142,0.332,0.088,0.12,0.105,0.406,0.155,0.845,0.452,0.548,0.24,0.76,13-14
201581,0.988,0.012,0.816,0.098,0.0,0.106,0.184,0.128,0.717,0.693,0.307,0.0,0.0,0.693,0.307,13-14
200755,0.535,0.465,0.406,0.256,0.412,0.195,0.182,0.182,0.15,0.833,0.167,0.918,0.082,0.867,0.133,13-14
2747,0.497,0.503,0.387,0.204,0.529,0.088,0.084,0.138,0.183,0.198,0.802,0.905,0.095,0.535,0.465,13-14
201580,1.0,0.0,0.971,0.057,0.0,0.0,0.029,0.286,0.914,0.647,0.353,0.0,0.0,0.647,0.353,13-14
203109,0.49,0.51,0.449,0.107,0.421,0.183,0.13,0.225,0.343,0.55,0.45,0.96,0.04,0.708,0.292,13-14
203479,0.718,0.282,0.564,0.205,0.385,0.282,0.051,0.231,0.359,0.636,0.364,1.0,0.0,0.75,0.25,13-14
2224,0.25,0.75,0.667,0.222,0.333,0.0,0.0,0.0,0.444,0.0,1.0,1.0,0.0,0.25,0.75,13-14
2037,0.559,0.441,0.406,0.212,0.377,0.137,0.217,0.176,0.193,0.362,0.638,0.752,0.248,0.511,0.489,13-14
2749,0.477,0.523,0.385,0.095,0.498,0.094,0.117,0.099,0.29,0.278,0.722,0.515,0.485,0.388,0.612,13-14
202341,0.51,0.49,0.479,0.052,0.426,0.251,0.095,0.191,0.427,0.68,0.32,0.904,0.096,0.764,0.236,13-14
201935,0.599,0.401,0.402,0.098,0.287,0.273,0.311,0.168,0.304,0.223,0.777,0.588,0.412,0.341,0.659,13-14
201949,0.718,0.282,0.63,0.068,0.172,0.122,0.198,0.143,0.563,0.347,0.653,0.955,0.045,0.441,0.559,13-14
2592,0.206,0.794,0.062,0.021,0.866,0.031,0.072,0.247,0.041,0.333,0.667,1.0,0.0,0.935,0.065,13-14
203263,0.457,0.543,0.318,0.045,0.545,0.295,0.137,0.341,0.273,0.714,0.286,1.0,0.0,0.867,0.133,13-14
203480,0.6,0.4,0.286,0.143,0.643,0.0,0.071,0.0,0.143,1.0,0.0,1.0,0.0,1.0,0.0,13-14
202686,1.0,0.0,0.904,0.03,0.0,0.284,0.096,0.254,0.873,0.73,0.27,0.0,0.0,0.73,0.27,13-14
2457,0.492,0.508,0.412,0.382,0.529,0.118,0.059,0.162,0.029,0.429,0.571,0.667,0.333,0.538,0.462,13-14
203099,0.667,0.333,0.385,0.154,0.115,0.154,0.5,0.154,0.231,0.4,0.6,1.0,0.0,0.5,0.5,13-14
201162,0.497,0.503,0.45,0.282,0.476,0.233,0.074,0.168,0.168,0.904,0.096,1.0,0.0,0.944,0.056,13-14
203096,0.769,0.231,0.668,0.153,0.171,0.051,0.161,0.143,0.515,0.479,0.521,1.0,0.0,0.555,0.445,13-14
101127,0.735,0.265,0.587,0.324,0.249,0.083,0.164,0.122,0.263,0.323,0.677,0.794,0.206,0.427,0.573,13-14
202363,1.0,0.0,0.727,0.242,0.0,0.152,0.273,0.131,0.485,0.806,0.194,0.0,0.0,0.806,0.194,13-14
2215,0.875,0.125,0.88,0.24,0.0,0.0,0.12,0.08,0.64,0.727,0.273,0.0,0.0,0.727,0.273,13-14
101131,1.0,0.0,0.862,0.257,0.0,0.037,0.138,0.119,0.606,0.702,0.298,0.0,0.0,0.702,0.298,13-14
201160,1.0,0.0,0.87,0.625,0.0,0.037,0.13,0.13,0.246,0.847,0.153,0.0,0.0,0.847,0.153,13-14
1891,0.322,0.678,0.201,0.126,0.736,0.182,0.063,0.164,0.075,0.563,0.438,0.846,0.154,0.764,0.236,13-14
201574,1.0,0.0,0.857,0.174,0.0,0.049,0.143,0.113,0.683,0.598,0.402,0.0,0.0,0.598,0.402,13-14
202399,1.0,0.0,0.79,0.116,0.0,0.064,0.21,0.144,0.674,0.643,0.357,0.0,0.0,0.643,0.357,13-14
201965,1.0,0.0,0.842,0.092,0.0,0.096,0.158,0.142,0.75,0.792,0.208,0.0,0.0,0.792,0.208,13-14
201145,0.662,0.338,0.502,0.137,0.293,0.158,0.205,0.124,0.365,0.458,0.542,0.867,0.133,0.573,0.427,13-14
201952,0.784,0.216,0.586,0.107,0.17,0.233,0.244,0.202,0.479,0.199,0.801,0.595,0.405,0.263,0.737,13-14
203481,0.992,0.008,0.726,0.095,0.0,0.026,0.274,0.132,0.632,0.826,0.174,0.0,0.0,0.826,0.174,13-14
203106,0.693,0.307,0.615,0.096,0.26,0.178,0.125,0.207,0.519,0.719,0.281,1.0,0.0,0.78,0.22,13-14
202379,0.994,0.006,0.873,0.204,0.0,0.122,0.127,0.185,0.668,0.714,0.286,0.0,0.0,0.714,0.286,13-14
203087,0.594,0.406,0.526,0.189,0.397,0.165,0.077,0.217,0.337,0.566,0.434,0.898,0.102,0.677,0.323,13-14
202391,0.654,0.346,0.479,0.094,0.276,0.183,0.245,0.163,0.384,0.324,0.676,0.854,0.146,0.471,0.529,13-14
202719,1.0,0.0,0.822,0.219,0.0,0.089,0.178,0.137,0.603,0.483,0.517,0.0,0.0,0.483,0.517,13-14
979,1.0,0.0,0.716,0.08,0.0,0.009,0.284,0.08,0.636,0.592,0.408,0.0,0.0,0.592,0.408,13-14
201573,0.656,0.344,0.517,0.294,0.342,0.108,0.141,0.155,0.222,0.372,0.628,0.908,0.092,0.536,0.464,13-14
202690,0.63,0.37,0.491,0.249,0.44,0.117,0.069,0.103,0.242,0.224,0.776,0.525,0.475,0.336,0.664,13-14
202710,0.654,0.346,0.472,0.153,0.232,0.183,0.296,0.216,0.319,0.594,0.406,0.985,0.015,0.691,0.309,13-14
201149,0.998,0.003,0.755,0.137,0.0,0.074,0.245,0.177,0.618,0.637,0.363,0.0,0.0,0.637,0.363,13-14
201975,0.547,0.453,0.415,0.063,0.402,0.275,0.183,0.175,0.352,0.741,0.259,0.907,0.093,0.806,0.194,13-14
2207,0.603,0.397,0.482,0.162,0.39,0.044,0.128,0.18,0.32,0.25,0.75,0.846,0.154,0.459,0.541,13-14
201202,1.0,0.0,0.857,0.214,0.0,0.071,0.143,0.0,0.643,0.583,0.417,0.0,0.0,0.583,0.417,13-14
200777,0.988,0.012,0.885,0.31,0.0,0.075,0.115,0.115,0.575,0.753,0.247,0.0,0.0,0.753,0.247,13-14
203089,0.998,0.002,0.883,0.069,0.0,0.095,0.117,0.15,0.814,0.654,0.346,0.0,0.0,0.654,0.346,13-14
203098,0.571,0.429,0.6,0.2,0.3,0.3,0.1,0.2,0.4,0.583,0.417,1.0,0.0,0.688,0.313,13-14
101249,0.558,0.442,0.465,0.252,0.472,0.17,0.063,0.164,0.214,0.378,0.622,1.0,0.0,0.629,0.371,13-14
2422,0.605,0.395,0.432,0.258,0.469,0.079,0.099,0.199,0.174,0.391,0.609,0.937,0.063,0.62,0.38,13-14
202322,0.77,0.23,0.595,0.244,0.205,0.258,0.2,0.214,0.351,0.176,0.824,0.657,0.343,0.266,0.734,13-14
202720,0.801,0.199,0.649,0.212,0.228,0.103,0.123,0.202,0.437,0.694,0.306,1.0,0.0,0.752,0.248,13-14
201973,0.644,0.356,0.496,0.096,0.344,0.119,0.16,0.196,0.4,0.701,0.299,0.968,0.032,0.786,0.214,13-14
202685,0.999,0.001,0.784,0.109,0.0,0.031,0.216,0.13,0.675,0.593,0.407,0.0,0.0,0.593,0.407,13-14
202348,0.638,0.362,0.533,0.211,0.303,0.157,0.164,0.145,0.321,0.165,0.835,0.589,0.411,0.281,0.719,13-14
200770,0.56,0.44,0.389,0.163,0.505,0.197,0.106,0.156,0.226,0.259,0.741,0.643,0.357,0.437,0.563,13-14
202706,0.473,0.527,0.381,0.074,0.52,0.213,0.099,0.208,0.307,0.519,0.481,0.871,0.129,0.687,0.313,13-14
201941,0.998,0.002,0.822,0.126,0.0,0.05,0.178,0.152,0.695,0.584,0.416,0.0,0.0,0.584,0.416,13-14
203268,0.778,0.222,0.71,0.226,0.145,0.177,0.145,0.29,0.484,0.773,0.227,1.0,0.0,0.8,0.2,13-14
101181,0.432,0.568,0.324,0.212,0.619,0.088,0.057,0.163,0.112,0.3,0.7,0.848,0.152,0.607,0.393,13-14
2735,0.0,0.0,0.0,0.0,0.0,0.0,1.0,0.0,0.0,0.0,0.0,0.0,0.0,0.0,0.0,13-14
202725,0.622,0.378,0.559,0.086,0.387,0.054,0.054,0.108,0.473,0.5,0.5,1.0,0.0,0.658,0.342,13-14
201177,0.486,0.514,0.43,0.085,0.477,0.053,0.093,0.103,0.345,0.683,0.317,0.981,0.019,0.81,0.19,13-14
2694,1.0,0.0,1.0,1.0,0.0,0.0,0.0,0.0,0.0,1.0,0.0,0.0,0.0,1.0,0.0,13-14
2746,0.785,0.215,0.707,0.198,0.166,0.139,0.127,0.152,0.509,0.544,0.456,0.957,0.043,0.6,0.4,13-14
201950,0.83,0.17,0.71,0.275,0.185,0.092,0.105,0.154,0.435,0.162,0.838,0.467,0.533,0.207,0.793,13-14
202933,0.529,0.471,0.556,0.0,0.333,0.0,0.111,0.111,0.556,0.2,0.8,1.0,0.0,0.429,0.571,13-14
203120,0.55,0.45,0.462,0.077,0.346,0.077,0.192,0.231,0.385,0.833,0.167,1.0,0.0,0.889,0.111,13-14
202695,0.718,0.282,0.635,0.187,0.245,0.258,0.12,0.209,0.448,0.519,0.481,0.884,0.116,0.593,0.407,13-14
2586,0.0,1.0,0.0,0.0,0.75,0.0,0.25,0.0,0.0,0.0,0.0,1.0,0.0,1.0,0.0,13-14
203482,0.773,0.227,0.639,0.142,0.198,0.114,0.163,0.157,0.498,0.686,0.314,0.975,0.025,0.735,0.265,13-14
202689,0.714,0.286,0.528,0.237,0.254,0.119,0.218,0.144,0.29,0.212,0.788,0.67,0.33,0.323,0.677,13-14
203088,0.575,0.425,0.46,0.144,0.495,0.091,0.045,0.128,0.316,0.212,0.788,0.873,0.127,0.488,0.512,13-14
2570,0.995,0.005,0.825,0.133,0.0,0.009,0.175,0.137,0.692,0.667,0.333,0.0,0.0,0.667,0.333,13-14
202702,0.996,0.004,0.816,0.057,0.0,0.172,0.184,0.157,0.759,0.667,0.333,0.0,0.0,0.667,0.333,13-14
203145,0.627,0.373,0.516,0.129,0.32,0.295,0.164,0.238,0.387,0.375,0.625,0.674,0.326,0.463,0.537,13-14
203484,0.598,0.402,0.523,0.149,0.377,0.3,0.1,0.287,0.374,0.634,0.366,0.966,0.034,0.742,0.258,13-14
2030,0.992,0.008,0.92,0.161,0.0,0.058,0.08,0.168,0.759,0.683,0.317,0.0,0.0,0.683,0.317,13-14
201142,0.709,0.291,0.507,0.174,0.222,0.173,0.271,0.16,0.332,0.447,0.553,0.557,0.443,0.472,0.528,13-14
708,0.992,0.008,0.892,0.54,0.0,0.034,0.108,0.162,0.352,0.803,0.197,0.0,0.0,0.803,0.197,13-14
201567,0.645,0.355,0.458,0.126,0.284,0.071,0.258,0.176,0.331,0.572,0.428,0.858,0.142,0.655,0.345,13-14
2755,0.71,0.29,0.501,0.2,0.266,0.2,0.233,0.229,0.3,0.585,0.415,0.887,0.113,0.664,0.336,13-14
202338,1.0,0.0,0.892,0.193,0.0,0.016,0.108,0.189,0.699,0.532,0.468,0.0,0.0,0.532,0.468,13-14
203114,0.66,0.34,0.517,0.289,0.364,0.108,0.119,0.138,0.228,0.688,0.313,0.958,0.042,0.774,0.226,13-14
2550,0.609,0.391,0.474,0.267,0.383,0.102,0.143,0.168,0.207,0.386,0.614,0.835,0.165,0.543,0.457,13-14
202691,0.575,0.425,0.452,0.216,0.45,0.155,0.098,0.159,0.235,0.622,0.378,0.946,0.054,0.751,0.249,13-14
977,0.781,0.219,0.675,0.289,0.108,0.024,0.217,0.072,0.386,0.25,0.75,0.667,0.333,0.29,0.71,13-14
201585,1.0,0.0,0.883,0.066,0.0,0.049,0.117,0.126,0.817,0.736,0.264,0.0,0.0,0.736,0.264,13-14
2743,0.996,0.004,0.798,0.401,0.0,0.124,0.202,0.199,0.397,0.727,0.273,0.0,0.0,0.727,0.273,13-14
2594,0.356,0.644,0.245,0.195,0.653,0.107,0.102,0.14,0.049,0.913,0.087,0.962,0.038,0.945,0.055,13-14
200768,0.537,0.463,0.377,0.086,0.402,0.14,0.221,0.155,0.291,0.281,0.719,0.637,0.363,0.429,0.571,13-14
203124,0.992,0.008,0.867,0.345,0.0,0.082,0.133,0.161,0.522,0.677,0.323,0.0,0.0,0.677,0.323,13-14
202713,0.591,0.409,0.446,0.092,0.36,0.177,0.194,0.156,0.355,0.686,0.314,0.979,0.021,0.788,0.212,13-14
202681,0.722,0.278,0.553,0.238,0.25,0.145,0.197,0.137,0.315,0.267,0.733,0.455,0.545,0.31,0.69,13-14
200746,0.989,0.011,0.81,0.473,0.006,0.06,0.184,0.124,0.337,0.599,0.401,0.667,0.333,0.6,0.4,13-14
202362,0.72,0.28,0.631,0.098,0.239,0.139,0.13,0.164,0.533,0.328,0.672,0.791,0.209,0.422,0.578,13-14
202498,1.0,0.0,0.667,0.0,0.0,0.0,0.333,0.0,0.667,1.0,0.0,0.0,0.0,1.0,0.0,13-14
202361,0.925,0.075,0.794,0.029,0.0,0.147,0.206,0.176,0.765,0.556,0.444,0.0,0.0,0.556,0.444,13-14
202336,0.994,0.006,0.854,0.034,0.0,0.157,0.146,0.169,0.82,0.566,0.434,0.0,0.0,0.566,0.434,13-14
202730,0.957,0.043,0.871,0.271,0.02,0.04,0.109,0.149,0.601,0.697,0.303,1.0,0.0,0.701,0.299,13-14
2544,0.774,0.226,0.623,0.121,0.167,0.223,0.21,0.224,0.503,0.395,0.605,0.534,0.466,0.416,0.584,13-14
2571,0.809,0.191,0.653,0.107,0.14,0.267,0.207,0.167,0.547,0.347,0.653,0.857,0.143,0.411,0.589,13-14
203485,0.651,0.349,0.719,0.094,0.141,0.125,0.14,0.328,0.625,0.304,0.696,0.667,0.333,0.346,0.654,13-14
200811,1.0,0.0,0.842,0.0,0.0,0.0,0.158,0.316,0.842,0.75,0.25,0.0,0.0,0.75,0.25,13-14
101150,0.531,0.469,0.378,0.125,0.379,0.123,0.243,0.174,0.253,0.373,0.627,0.633,0.367,0.477,0.523,13-14
201601,0.912,0.088,0.741,0.134,0.054,0.129,0.205,0.179,0.607,0.699,0.301,1.0,0.0,0.713,0.287,13-14
2449,0.988,0.013,0.837,0.46,0.005,0.094,0.158,0.141,0.377,0.763,0.237,1.0,0.0,0.764,0.236,13-14
202337,0.383,0.617,0.282,0.106,0.635,0.059,0.083,0.112,0.176,0.375,0.625,1.0,0.0,0.75,0.25,13-14
2557,0.67,0.33,0.582,0.399,0.363,0.085,0.055,0.199,0.183,0.258,0.742,0.703,0.297,0.389,0.611,13-14
2736,0.78,0.22,0.621,0.218,0.169,0.111,0.21,0.168,0.404,0.58,0.42,0.93,0.07,0.633,0.367,13-14
203146,1.0,0.0,1.0,1.0,0.0,0.0,0.0,0.0,0.0,1.0,0.0,0.0,0.0,1.0,0.0,13-14
202952,0.75,0.25,0.8,0.0,0.2,0.133,0.0,0.333,0.8,0.333,0.667,1.0,0.0,0.429,0.571,13-14
202412,0.714,0.286,0.575,0.137,0.288,0.356,0.137,0.247,0.438,0.381,0.619,0.857,0.143,0.5,0.5,13-14
1938,0.589,0.411,0.487,0.076,0.322,0.11,0.191,0.138,0.411,0.422,0.578,0.822,0.178,0.544,0.456,13-14
202705,0.8,0.2,0.553,0.063,0.245,0.283,0.202,0.27,0.491,0.295,0.705,0.692,0.308,0.386,0.614,13-14
201188,0.985,0.015,0.778,0.272,0.007,0.035,0.215,0.128,0.505,0.695,0.305,0.5,0.5,0.693,0.307,13-14
101162,0.999,0.001,0.85,0.176,0.003,0.049,0.147,0.143,0.674,0.683,0.317,1.0,0.0,0.684,0.316,13-14
201158,0.578,0.422,0.463,0.202,0.415,0.108,0.122,0.193,0.261,0.739,0.261,0.897,0.103,0.798,0.202,13-14
202694,0.601,0.399,0.475,0.224,0.373,0.149,0.152,0.168,0.251,0.439,0.561,0.949,0.051,0.615,0.385,13-14
201977,0.505,0.495,0.407,0.119,0.465,0.215,0.128,0.212,0.287,0.497,0.503,0.853,0.147,0.651,0.349,13-14
201596,0.596,0.404,0.466,0.042,0.365,0.14,0.169,0.193,0.425,0.216,0.784,0.897,0.103,0.449,0.551,13-14
202693,0.872,0.128,0.676,0.26,0.091,0.1,0.233,0.138,0.416,0.528,0.472,0.882,0.118,0.557,0.443,13-14
203104,0.849,0.151,0.617,0.112,0.14,0.131,0.243,0.093,0.505,0.212,0.788,0.6,0.4,0.263,0.737,13-14
201578,0.93,0.07,0.736,0.217,0.047,0.069,0.217,0.195,0.52,0.663,0.337,1.0,0.0,0.677,0.323,13-14
101110,0.366,0.634,0.285,0.108,0.577,0.111,0.138,0.161,0.177,0.704,0.296,0.952,0.048,0.846,0.154,13-14
101107,0.555,0.445,0.488,0.143,0.418,0.096,0.094,0.146,0.345,0.605,0.395,0.988,0.012,0.745,0.255,13-14
203486,0.99,0.01,0.765,0.0,0.0,0.16,0.235,0.25,0.765,0.814,0.186,0.0,0.0,0.814,0.186,13-14
2440,0.463,0.537,0.429,0.048,0.466,0.226,0.105,0.226,0.381,0.754,0.246,0.969,0.031,0.844,0.156,13-14
2588,0.402,0.598,0.315,0.122,0.64,0.051,0.045,0.137,0.193,0.774,0.226,0.976,0.024,0.89,0.11,13-14
203521,0.476,0.524,0.383,0.142,0.504,0.086,0.113,0.218,0.242,0.477,0.523,0.93,0.07,0.689,0.311,13-14
203090,0.681,0.319,0.557,0.054,0.299,0.198,0.144,0.228,0.503,0.564,0.436,0.898,0.102,0.652,0.348,13-14
2408,1.0,0.0,1.0,0.0,0.0,0.0,0.0,0.0,1.0,1.0,0.0,0.0,0.0,1.0,0.0,13-14
1897,0.617,0.383,0.561,0.129,0.367,0.05,0.072,0.158,0.432,0.256,0.744,0.824,0.176,0.429,0.571,13-14
203086,0.934,0.066,0.837,0.265,0.0,0.082,0.163,0.082,0.571,0.902,0.098,0.0,0.0,0.902,0.098,13-14
201563,0.848,0.152,0.716,0.179,0.144,0.133,0.14,0.179,0.537,0.551,0.449,1.0,0.0,0.605,0.395,13-14
203487,0.803,0.197,0.638,0.125,0.141,0.15,0.221,0.155,0.512,0.255,0.745,0.655,0.345,0.307,0.693,13-14
203077,0.975,0.025,0.741,0.112,0.007,0.252,0.252,0.161,0.629,0.687,0.313,1.0,0.0,0.689,0.311,13-14
201144,0.717,0.283,0.57,0.166,0.251,0.143,0.179,0.171,0.404,0.243,0.757,0.695,0.305,0.346,0.654,13-14
2399,0.581,0.419,0.452,0.226,0.397,0.142,0.151,0.171,0.226,0.786,0.214,0.959,0.041,0.85,0.15,13-14
200839,0.967,0.033,0.69,0.31,0.0,0.143,0.31,0.155,0.381,0.69,0.31,0.0,0.0,0.69,0.31,13-14
2229,0.762,0.238,0.727,0.182,0.273,0.0,0.0,0.0,0.545,0.0,1.0,1.0,0.0,0.2,0.8,13-14
2034,0.474,0.526,0.366,0.211,0.554,0.13,0.08,0.195,0.155,0.67,0.33,0.972,0.028,0.822,0.178,13-14
203488,0.959,0.041,0.816,0.421,0.0,0.053,0.184,0.132,0.395,0.839,0.161,0.0,0.0,0.839,0.161,13-14
203118,0.682,0.318,0.623,0.125,0.243,0.141,0.134,0.147,0.498,0.858,0.142,1.0,0.0,0.887,0.113,13-14
203101,1.0,0.0,0.885,0.068,0.0,0.093,0.115,0.163,0.817,0.591,0.409,0.0,0.0,0.591,0.409,13-14
203545,1.0,0.0,0.751,0.022,0.0,0.116,0.249,0.182,0.729,0.676,0.324,0.0,0.0,0.676,0.324,13-14
203141,0.34,0.66,0.273,0.09,0.656,0.066,0.071,0.174,0.183,0.553,0.447,0.971,0.029,0.81,0.19,13-14
2590,0.665,0.335,0.546,0.313,0.345,0.096,0.109,0.076,0.233,0.218,0.782,0.771,0.229,0.382,0.618,13-14
101145,0.836,0.164,0.65,0.201,0.133,0.162,0.217,0.181,0.449,0.268,0.732,0.841,0.159,0.337,0.663,13-14
201203,0.667,0.333,0.0,0.0,0.0,0.0,1.0,0.0,0.0,0.0,0.0,0.0,0.0,0.0,0.0,13-14
201986,0.654,0.346,0.52,0.124,0.305,0.158,0.175,0.158,0.395,0.543,0.457,0.889,0.111,0.641,0.359,13-14
101126,0.598,0.402,0.464,0.149,0.381,0.184,0.155,0.217,0.315,0.274,0.726,0.707,0.293,0.427,0.573,13-14
203489,0.841,0.159,0.729,0.153,0.129,0.201,0.142,0.211,0.576,0.342,0.658,0.778,0.222,0.388,0.612,13-14
1737,1.0,0.0,0.871,0.194,0.0,0.016,0.129,0.177,0.677,0.556,0.444,0.0,0.0,0.556,0.444,13-14
203517,0.538,0.462,0.385,0.154,0.346,0.231,0.269,0.308,0.231,0.4,0.6,0.333,0.667,0.375,0.625,13-14
2403,0.992,0.008,0.79,0.268,0.004,0.092,0.206,0.191,0.523,0.617,0.383,1.0,0.0,0.619,0.381,13-14
201979,0.804,0.196,0.709,0.156,0.164,0.118,0.127,0.225,0.553,0.374,0.626,0.842,0.158,0.437,0.563,13-14
2555,0.929,0.071,0.769,0.136,0.036,0.012,0.195,0.124,0.633,0.7,0.3,1.0,0.0,0.709,0.291,13-14
201156,0.606,0.394,0.441,0.196,0.354,0.165,0.205,0.142,0.245,0.476,0.524,0.793,0.207,0.587,0.413,13-14
201587,0.509,0.491,0.441,0.148,0.407,0.151,0.152,0.143,0.293,0.542,0.458,0.903,0.097,0.68,0.32,13-14
201593,1.0,0.0,0.803,0.047,0.0,0.057,0.197,0.108,0.756,0.604,0.396,0.0,0.0,0.604,0.396,13-14
202696,1.0,0.0,0.871,0.279,0.0,0.023,0.129,0.131,0.592,0.626,0.374,0.0,0.0,0.626,0.374,13-14
202708,0.652,0.348,0.558,0.167,0.342,0.192,0.1,0.211,0.391,0.279,0.721,0.983,0.017,0.483,0.517,13-14
201564,0.587,0.413,0.461,0.237,0.414,0.107,0.125,0.163,0.224,0.429,0.571,0.786,0.214,0.563,0.438,13-14
203136,1.0,0.0,0.667,0.0,0.0,0.133,0.333,0.0,0.667,1.0,0.0,0.0,0.0,1.0,0.0,13-14
201600,1.0,0.0,0.721,0.021,0.0,0.082,0.279,0.096,0.7,0.644,0.356,0.0,0.0,0.644,0.356,13-14
201956,0.571,0.429,0.457,0.061,0.373,0.169,0.17,0.145,0.396,0.696,0.304,0.902,0.098,0.769,0.231,13-14
203111,0.584,0.416,0.54,0.16,0.27,0.16,0.19,0.27,0.38,0.333,0.667,1.0,0.0,0.5,0.5,13-14
201785,0.667,0.333,0.667,0.0,0.0,0.0,0.333,0.0,0.667,0.333,0.667,0.0,0.0,0.333,0.667,13-14
203490,0.769,0.231,0.744,0.333,0.154,0.205,0.102,0.218,0.41,0.655,0.345,0.75,0.25,0.667,0.333,13-14
200782,0.689,0.311,0.503,0.076,0.292,0.221,0.205,0.204,0.426,0.492,0.508,0.959,0.041,0.623,0.377,13-14
203143,0.267,0.733,0.183,0.04,0.774,0.099,0.043,0.238,0.143,0.304,0.696,0.677,0.323,0.58,0.42,13-14
201976,0.47,0.53,0.373,0.038,0.482,0.119,0.145,0.168,0.335,0.206,0.794,0.957,0.043,0.553,0.447,13-14
202335,0.691,0.309,0.613,0.227,0.297,0.058,0.09,0.159,0.386,0.729,0.271,0.982,0.018,0.791,0.209,13-14
201988,0.523,0.477,0.421,0.213,0.49,0.159,0.089,0.166,0.208,0.443,0.557,0.726,0.274,0.566,0.434,13-14
2200,0.984,0.016,0.809,0.236,0.012,0.047,0.179,0.132,0.573,0.589,0.411,0.75,0.25,0.591,0.409,13-14
202331,0.633,0.367,0.455,0.191,0.314,0.127,0.231,0.19,0.264,0.365,0.635,0.775,0.225,0.494,0.506,13-14
200794,0.798,0.202,0.613,0.104,0.172,0.079,0.215,0.145,0.509,0.641,0.359,0.974,0.026,0.694,0.306,13-14
1718,0.579,0.421,0.414,0.133,0.333,0.099,0.253,0.188,0.281,0.474,0.526,0.946,0.054,0.639,0.361,13-14
203544,0.418,0.582,0.381,0.097,0.477,0.04,0.142,0.219,0.284,0.537,0.463,0.982,0.018,0.74,0.26,13-14
203103,0.663,0.337,0.565,0.13,0.306,0.13,0.129,0.157,0.435,0.721,0.279,1.0,0.0,0.795,0.205,13-14
203491,0.561,0.439,0.407,0.074,0.389,0.148,0.204,0.185,0.333,0.091,0.909,0.429,0.571,0.222,0.778,13-14
203515,0.581,0.419,0.469,0.15,0.394,0.188,0.137,0.221,0.319,0.18,0.82,0.857,0.143,0.423,0.577,13-14
203112,0.894,0.106,0.725,0.129,0.07,0.129,0.205,0.123,0.596,0.694,0.306,1.0,0.0,0.712,0.288,13-14
203113,0.633,0.367,0.498,0.117,0.35,0.183,0.152,0.218,0.381,0.453,0.547,0.933,0.067,0.606,0.394,13-14
202347,0.57,0.43,0.426,0.064,0.351,0.117,0.223,0.202,0.362,0.5,0.5,0.909,0.091,0.645,0.355,13-14
200765,0.743,0.257,0.657,0.177,0.223,0.143,0.12,0.146,0.48,0.2,0.8,0.385,0.615,0.234,0.766,13-14
201196,0.839,0.161,0.578,0.1,0.103,0.193,0.319,0.17,0.478,0.386,0.614,0.886,0.114,0.439,0.561,13-14
200751,0.431,0.569,0.322,0.125,0.531,0.172,0.147,0.15,0.197,0.267,0.733,0.762,0.238,0.526,0.474,13-14
1740,0.432,0.568,0.388,0.104,0.515,0.075,0.097,0.201,0.284,0.577,0.423,1.0,0.0,0.776,0.224,13-14
2446,0.436,0.564,0.368,0.191,0.574,0.132,0.058,0.206,0.176,0.4,0.6,0.885,0.115,0.647,0.353,13-14
951,0.431,0.569,0.354,0.123,0.496,0.11,0.15,0.174,0.231,0.516,0.484,0.957,0.043,0.729,0.271,13-14
203492,0.803,0.197,0.65,0.257,0.236,0.125,0.114,0.129,0.393,0.363,0.637,0.909,0.091,0.469,0.531,13-14
101109,0.679,0.321,0.565,0.203,0.295,0.105,0.14,0.167,0.362,0.303,0.697,0.774,0.226,0.425,0.575,13-14
203493,0.397,0.603,0.365,0.139,0.574,0.165,0.061,0.174,0.226,0.762,0.238,0.909,0.091,0.837,0.163,13-14
2501,1.0,0.0,0.664,0.0,0.0,0.047,0.336,0.14,0.664,0.606,0.394,0.0,0.0,0.606,0.394,13-14
202704,0.733,0.267,0.611,0.139,0.238,0.139,0.151,0.154,0.472,0.197,0.803,0.663,0.337,0.293,0.707,13-14
202130,0.667,0.333,0.727,0.545,0.273,0.0,0.0,0.0,0.182,0.5,0.5,1.0,0.0,0.6,0.4,13-14
2210,0.54,0.46,0.412,0.111,0.444,0.155,0.144,0.156,0.301,0.485,0.515,0.959,0.041,0.684,0.316,13-14
203495,0.529,0.471,0.316,0.0,0.474,0.737,0.21,0.579,0.316,0.333,0.667,0.667,0.333,0.5,0.5,13-14
201937,0.801,0.199,0.54,0.154,0.169,0.105,0.291,0.174,0.387,0.175,0.825,0.977,0.023,0.314,0.686,13-14
203133,0.497,0.503,0.387,0.232,0.53,0.083,0.083,0.188,0.155,0.571,0.429,1.0,0.0,0.776,0.224,13-14
203496,0.214,0.786,0.25,0.125,0.75,0.313,0.0,0.188,0.125,1.0,0.0,1.0,0.0,1.0,0.0,13-14
203135,1.0,0.0,0.817,0.166,0.0,0.023,0.183,0.103,0.651,0.818,0.182,0.0,0.0,0.818,0.182,13-14
201577,0.998,0.002,0.782,0.09,0.0,0.024,0.218,0.086,0.692,0.634,0.366,0.0,0.0,0.634,0.366,13-14
201155,0.897,0.103,0.688,0.233,0.071,0.19,0.241,0.173,0.455,0.405,0.595,1.0,0.0,0.444,0.556,13-14
2427,0.284,0.716,0.216,0.216,0.689,0.041,0.095,0.189,0.0,0.625,0.375,0.882,0.118,0.8,0.2,13-14
200758,0.467,0.533,0.571,0.0,0.429,0.0,0.0,0.286,0.571,1.0,0.0,1.0,0.0,1.0,0.0,13-14
101179,0.533,0.467,0.514,0.189,0.365,0.108,0.121,0.203,0.324,0.316,0.684,0.667,0.333,0.429,0.571,13-14
101142,1.0,0.0,0.859,0.013,0.0,0.0,0.141,0.107,0.846,0.672,0.328,0.0,0.0,0.672,0.328,13-14
201579,0.993,0.007,0.755,0.211,0.007,0.013,0.238,0.102,0.544,0.578,0.422,1.0,0.0,0.58,0.42,13-14
2767,0.5,0.5,0.0,0.0,0.0,0.0,1.0,0.0,0.0,0.0,0.0,0.0,0.0,0.0,0.0,13-14
203091,1.0,0.0,0.0,0.0,0.0,0.0,1.0,0.0,0.0,0.0,0.0,0.0,0.0,0.0,0.0,13-14
200752,0.833,0.167,0.648,0.211,0.134,0.112,0.218,0.163,0.437,0.288,0.712,0.723,0.277,0.341,0.659,13-14
203497,1.0,0.0,0.692,0.0,0.0,0.115,0.308,0.115,0.692,0.667,0.333,0.0,0.0,0.667,0.333,13-14
201566,0.729,0.271,0.555,0.194,0.204,0.284,0.241,0.192,0.361,0.302,0.698,0.426,0.574,0.327,0.673,13-14
201583,0.537,0.463,0.404,0.183,0.461,0.06,0.135,0.131,0.22,0.42,0.58,0.985,0.015,0.665,0.335,13-14
101155,0.75,0.25,1.0,0.667,0.0,0.0,0.0,0.0,0.333,1.0,0.0,0.0,0.0,1.0,0.0,13-14
200797,1.0,0.0,0.752,0.014,0.0,0.0,0.248,0.135,0.738,0.717,0.283,0.0,0.0,0.717,0.283,13-14
203527,0.617,0.383,0.462,0.136,0.305,0.127,0.233,0.11,0.326,0.624,0.376,0.917,0.083,0.713,0.287,13-14
2223,0.997,0.003,0.809,0.072,0.0,0.089,0.191,0.144,0.737,0.752,0.248,0.0,0.0,0.752,0.248,13-14
2756,0.6,0.4,0.4,0.4,0.6,0.0,0.0,0.4,0.0,1.0,0.0,1.0,0.0,1.0,0.0,13-14
203816,0.5,0.5,0.0,0.0,0.0,1.0,1.0,0.0,0.0,0.0,0.0,0.0,0.0,0.0,0.0,13-14
201586,0.939,0.061,0.817,0.326,0.056,0.106,0.127,0.144,0.491,0.79,0.21,0.957,0.043,0.798,0.202,13-14
203508,0.457,0.543,0.432,0.162,0.324,0.162,0.244,0.054,0.27,0.75,0.25,1.0,0.0,0.833,0.167,13-14
203552,0.667,0.333,0.0,0.0,1.0,0.0,0.0,0.0,0.0,0.0,0.0,1.0,0.0,1.0,0.0,13-14
203498,0.911,0.089,0.755,0.336,0.063,0.182,0.182,0.217,0.42,0.537,0.463,1.0,0.0,0.561,0.439,13-14
2203,0.236,0.764,0.215,0.007,0.735,0.03,0.05,0.148,0.208,0.625,0.375,0.959,0.041,0.857,0.143,13-14
202197,1.0,0.0,1.0,0.0,0.0,0.0,0.0,0.0,1.0,1.0,0.0,0.0,0.0,1.0,0.0,13-14
203499,0.723,0.277,0.606,0.182,0.273,0.106,0.121,0.242,0.424,0.225,0.775,0.833,0.167,0.365,0.635,13-14
200769,0.97,0.03,0.762,0.159,0.0,0.381,0.238,0.317,0.603,0.583,0.417,0.0,0.0,0.583,0.417,13-14
2733,0.988,0.012,0.744,0.172,0.005,0.156,0.251,0.232,0.572,0.329,0.671,1.0,0.0,0.332,0.668,13-14
101183,1.0,0.0,0.7,0.0,0.0,0.05,0.3,0.1,0.7,0.571,0.429,0.0,0.0,0.571,0.429,13-14
1890,0.771,0.229,0.716,0.078,0.22,0.209,0.064,0.181,0.637,0.795,0.205,1.0,0.0,0.83,0.17,13-14
200761,0.328,0.672,0.307,0.149,0.624,0.119,0.069,0.124,0.158,0.742,0.258,0.952,0.048,0.863,0.137,13-14
202714,0.633,0.367,0.54,0.14,0.342,0.153,0.118,0.197,0.401,0.367,0.633,0.694,0.306,0.464,0.536,13-14
203524,0.425,0.575,0.426,0.128,0.447,0.277,0.127,0.191,0.298,0.4,0.6,0.714,0.286,0.529,0.471,13-14
200780,1.0,0.0,0.857,0.571,0.0,0.0,0.143,0.0,0.286,0.833,0.167,0.0,0.0,0.833,0.167,13-14
201150,0.651,0.349,0.522,0.101,0.365,0.091,0.113,0.121,0.422,0.633,0.367,0.992,0.008,0.747,0.253,13-14
201939,0.555,0.445,0.418,0.212,0.418,0.202,0.164,0.163,0.205,0.197,0.803,0.456,0.544,0.301,0.699,13-14
1536,0.462,0.538,0.667,0.133,0.2,0.2,0.133,0.4,0.533,0.4,0.6,1.0,0.0,0.5,0.5,13-14
2581,0.405,0.595,0.286,0.18,0.627,0.098,0.087,0.085,0.106,0.241,0.759,0.861,0.139,0.609,0.391,13-14
959,0.745,0.255,0.549,0.294,0.235,0.098,0.216,0.167,0.255,0.143,0.857,0.75,0.25,0.278,0.722,13-14
200779,0.164,0.836,0.09,0.09,0.876,0.051,0.034,0.236,0.0,0.5,0.5,0.923,0.077,0.867,0.133,13-14
203500,1.0,0.0,0.702,0.015,0.0,0.034,0.298,0.102,0.687,0.613,0.387,0.0,0.0,0.613,0.387,13-14
201959,0.992,0.008,0.803,0.271,0.0,0.065,0.197,0.139,0.531,0.669,0.331,0.0,0.0,0.669,0.331,13-14
2419,0.86,0.14,0.793,0.339,0.132,0.203,0.075,0.183,0.454,0.667,0.333,1.0,0.0,0.7,0.3,13-14
203093,0.858,0.142,0.771,0.046,0.101,0.203,0.128,0.155,0.725,0.648,0.352,0.903,0.097,0.668,0.332,13-14
203082,0.457,0.543,0.357,0.118,0.549,0.154,0.094,0.2,0.239,0.541,0.459,0.95,0.05,0.748,0.252,13-14
200757,0.553,0.447,0.486,0.104,0.376,0.225,0.138,0.258,0.381,0.548,0.452,0.979,0.021,0.695,0.305,13-14
201152,0.772,0.228,0.694,0.104,0.191,0.178,0.115,0.219,0.59,0.559,0.441,0.922,0.078,0.615,0.385,13-14
203080,0.997,0.003,0.832,0.147,0.0,0.15,0.168,0.171,0.684,0.617,0.383,0.0,0.0,0.617,0.383,13-14
201168,0.991,0.009,0.749,0.025,0.0,0.062,0.251,0.135,0.725,0.669,0.331,0.0,0.0,0.669,0.331,13-14
1495,0.994,0.006,0.794,0.232,0.0,0.033,0.206,0.121,0.561,0.669,0.331,0.0,0.0,0.669,0.331,13-14
203501,0.479,0.521,0.398,0.146,0.473,0.225,0.129,0.238,0.252,0.537,0.463,0.869,0.131,0.684,0.316,13-14
202389,0.956,0.044,0.73,0.057,0.016,0.097,0.254,0.153,0.673,0.754,0.246,1.0,0.0,0.758,0.242,13-14
202699,0.824,0.176,0.672,0.213,0.108,0.174,0.22,0.165,0.459,0.57,0.43,0.906,0.094,0.602,0.398,13-14
201962,0.463,0.537,0.416,0.139,0.46,0.193,0.124,0.243,0.277,0.548,0.452,0.871,0.129,0.685,0.315,13-14
2754,0.886,0.114,0.78,0.097,0.067,0.279,0.153,0.275,0.683,0.58,0.42,1.0,0.0,0.603,0.397,13-14
203502,0.917,0.083,0.364,0.0,0.136,0.227,0.5,0.0,0.364,0.5,0.5,1.0,0.0,0.6,0.4,13-14
203183,0.8,0.2,1.0,0.0,0.0,0.333,0.0,0.0,1.0,0.667,0.333,0.0,0.0,0.667,0.333,13-14
2225,0.927,0.073,0.76,0.261,0.066,0.152,0.174,0.146,0.499,0.325,0.675,0.96,0.04,0.36,0.64,13-14
203503,0.47,0.53,0.416,0.156,0.494,0.139,0.09,0.139,0.26,0.569,0.431,1.0,0.0,0.76,0.24,13-14
203100,0.767,0.233,0.65,0.015,0.128,0.258,0.222,0.234,0.635,0.38,0.62,0.65,0.35,0.412,0.588,13-14
203129,0.786,0.214,0.897,0.0,0.0,0.069,0.103,0.103,0.897,0.385,0.615,0.0,0.0,0.385,0.615,13-14
203315,0.907,0.093,0.729,0.3,0.107,0.229,0.164,0.236,0.429,0.353,0.647,0.6,0.4,0.375,0.625,13-14
2566,0.641,0.359,0.519,0.297,0.359,0.067,0.122,0.122,0.222,0.494,0.506,0.927,0.073,0.631,0.369,13-14
2772,0.482,0.518,0.378,0.094,0.488,0.204,0.134,0.179,0.284,0.589,0.411,0.961,0.039,0.761,0.239,13-14
202344,0.995,0.005,0.904,0.204,0.0,0.128,0.096,0.149,0.701,0.635,0.365,0.0,0.0,0.635,0.365,13-14
203504,0.625,0.375,0.514,0.264,0.372,0.169,0.114,0.13,0.25,0.27,0.73,0.847,0.153,0.457,0.543,13-14
202684,0.999,0.001,0.755,0.1,0.0,0.091,0.245,0.176,0.656,0.65,0.35,0.0,0.0,0.65,0.35,13-14
203584,0.194,0.806,0.143,0.0,0.857,0.143,0.0,0.071,0.143,0.333,0.667,0.75,0.25,0.667,0.333,13-14
201951,0.749,0.251,0.505,0.183,0.198,0.177,0.297,0.149,0.321,0.12,0.88,0.611,0.389,0.222,0.778,13-14
201946,0.99,0.01,0.596,0.032,0.0,0.054,0.404,0.163,0.564,0.634,0.366,0.0,0.0,0.634,0.366,13-14
203092,0.997,0.003,0.782,0.18,0.0,0.09,0.218,0.173,0.602,0.788,0.212,0.0,0.0,0.788,0.212,13-14
201936,0.894,0.106,0.71,0.046,0.06,0.24,0.23,0.208,0.664,0.295,0.705,0.714,0.286,0.317,0.683,13-14
203116,0.868,0.132,0.629,0.135,0.101,0.146,0.27,0.146,0.494,0.286,0.714,0.667,0.333,0.323,0.677,13-14
2199,0.997,0.003,0.796,0.067,0.0,0.081,0.204,0.144,0.729,0.77,0.23,0.0,0.0,0.77,0.23,13-14
2617,1.0,0.0,0.855,0.289,0.0,0.092,0.145,0.064,0.566,0.838,0.162,0.0,0.0,0.838,0.162,13-14
203505,0.75,0.25,0.8,0.0,0.0,1.0,0.2,0.0,0.8,0.0,1.0,0.0,0.0,0.0,1.0,13-14
203139,1.0,0.0,0.8,0.0,0.0,0.05,0.2,0.05,0.8,0.625,0.375,0.0,0.0,0.625,0.375,13-14
201964,0.571,0.429,0.596,0.043,0.191,0.255,0.213,0.0,0.553,0.857,0.143,1.0,0.0,0.882,0.118,13-14
203506,0.759,0.241,0.575,0.165,0.201,0.149,0.224,0.189,0.41,0.236,0.764,0.73,0.27,0.329,0.671,13-14
1713,0.543,0.457,0.381,0.137,0.453,0.044,0.166,0.133,0.244,0.207,0.793,0.76,0.24,0.452,0.548,13-14
203543,0.728,0.272,0.634,0.085,0.22,0.073,0.146,0.159,0.549,0.673,0.327,1.0,0.0,0.734,0.266,13-14
201961,0.532,0.468,0.414,0.207,0.517,0.221,0.069,0.193,0.207,0.733,0.267,0.88,0.12,0.8,0.2,13-14
202325,0.584,0.416,0.495,0.157,0.42,0.206,0.085,0.199,0.338,0.791,0.209,0.96,0.04,0.852,0.148,13-14
202083,0.494,0.506,0.363,0.112,0.449,0.128,0.188,0.144,0.252,0.549,0.451,0.945,0.055,0.728,0.272,13-14
203115,0.788,0.212,0.663,0.12,0.181,0.247,0.156,0.127,0.542,0.491,0.509,0.8,0.2,0.538,0.462,13-14
101198,0.856,0.144,0.676,0.173,0.124,0.21,0.2,0.188,0.503,0.146,0.854,0.5,0.5,0.185,0.815,13-14
2584,0.554,0.446,0.447,0.198,0.451,0.154,0.102,0.245,0.249,0.705,0.295,0.927,0.073,0.794,0.206,13-14
201163,0.524,0.476,0.437,0.109,0.433,0.138,0.13,0.125,0.329,0.497,0.503,0.967,0.033,0.684,0.316,13-14
202333,0.765,0.235,0.537,0.153,0.194,0.208,0.269,0.22,0.384,0.44,0.56,0.929,0.071,0.535,0.465,13-14
2216,0.983,0.017,0.813,0.216,0.004,0.023,0.183,0.138,0.598,0.461,0.539,1.0,0.0,0.463,0.538,13-14
2585,0.997,0.003,0.73,0.191,0.0,0.069,0.27,0.162,0.539,0.624,0.376,0.0,0.0,0.624,0.376,13-14
