PLAYER_ID,PTS,FGM,FGA,FG_PCT,FG3M,FG3A,FG3_PCT,FTM,FTA,FT_PCT,OREB,DREB,REB,AST,STL,BLK,TOV,PF,PLUS_MINUS,SEASON
203932,15.0,5.8,11.1,0.52,1.2,3.5,0.335,2.3,3.1,0.743,1.7,4.2,5.9,2.5,0.6,0.6,1.8,2.0,4.3,21-22
1630565,0.3,0.2,0.8,0.2,0.0,0.2,0.0,0.0,0.0,0.0,0.0,0.2,0.2,0.0,0.0,0.3,0.3,0.3,-3.3,21-22
1628988,6.3,2.4,5.4,0.447,0.6,1.6,0.379,0.9,1.1,0.868,0.4,1.6,1.9,2.4,0.7,0.1,1.1,1.5,-0.6,21-22
1630174,3.8,1.4,3.5,0.396,0.6,2.2,0.27,0.4,0.5,0.808,0.3,1.4,1.7,0.4,0.4,0.1,0.6,1.3,0.4,21-22
1630598,8.3,3.1,6.7,0.463,0.8,2.8,0.304,1.2,1.7,0.729,1.0,2.5,3.6,1.4,0.6,0.2,1.1,1.9,-4.7,21-22
1627846,2.4,0.9,2.5,0.343,0.3,1.0,0.286,0.4,0.7,0.6,0.3,1.6,1.9,0.5,0.6,0.3,0.8,1.4,-0.1,21-22
1630278,0.0,0.0,0.0,0.0,0.0,0.0,0.0,0.0,0.0,0.0,0.0,0.0,0.0,0.0,0.0,0.0,0.0,0.0,-1.0,21-22
1629678,3.8,1.4,3.4,0.419,0.7,2.1,0.329,0.3,0.4,0.8,0.4,1.9,2.3,0.7,0.1,0.1,0.6,1.5,-3.4,21-22
1629958,2.0,1.0,1.0,1.0,0.0,0.0,0.0,0.0,0.0,0.0,0.0,0.0,0.0,0.0,0.0,0.0,0.0,0.0,2.0,21-22
201143,10.2,3.9,8.2,0.467,1.3,3.8,0.336,1.2,1.4,0.842,1.6,6.1,7.7,3.4,0.7,1.3,0.9,1.9,5.6,21-22
202692,11.7,3.5,9.0,0.391,1.9,4.8,0.404,2.7,3.3,0.822,0.6,4.3,4.9,3.0,1.0,0.3,1.1,2.7,1.5,21-22
1630758,2.8,1.2,4.0,0.3,0.4,3.0,0.133,0.0,0.0,0.0,0.4,2.6,3.0,0.4,0.2,0.0,0.8,1.4,-7.0,21-22
1630197,7.6,3.0,7.5,0.408,0.9,3.2,0.289,0.6,0.8,0.7,1.2,4.0,5.2,2.1,0.6,0.6,1.5,1.4,-0.7,21-22
1627936,7.4,2.5,6.2,0.398,1.0,3.1,0.333,1.4,1.8,0.795,0.8,2.8,3.6,4.0,1.7,0.4,1.4,2.6,2.7,21-22
203458,6.0,2.4,4.5,0.534,0.2,0.5,0.286,1.1,1.6,0.651,1.3,2.8,4.1,1.2,0.3,0.6,1.1,2.6,-1.9,21-22
1628035,3.5,1.4,3.6,0.393,0.5,1.6,0.333,0.1,0.5,0.25,0.8,1.2,1.9,0.3,0.1,0.2,0.4,1.5,-3.2,21-22
1628993,1.8,0.7,1.7,0.436,0.0,0.2,0.0,0.3,0.5,0.583,1.2,1.4,2.7,0.4,0.2,0.0,0.5,0.8,-2.0,21-22
1630578,9.6,3.5,7.3,0.474,0.4,1.6,0.248,2.3,3.2,0.711,1.9,3.5,5.5,2.6,0.8,0.9,2.0,3.0,-4.3,21-22
1629599,9.0,3.1,6.8,0.453,1.4,3.7,0.378,1.5,1.7,0.863,0.4,2.5,2.9,1.8,0.6,0.2,0.7,1.3,-0.7,21-22
203083,7.9,3.4,5.9,0.57,0.0,0.0,0.0,1.2,2.2,0.524,3.1,6.2,9.3,1.8,1.1,0.9,1.6,2.6,0.5,21-22
2738,4.0,1.5,3.9,0.38,0.5,2.4,0.23,0.5,0.6,0.75,0.7,2.5,3.2,3.7,0.9,0.7,0.9,1.1,3.7,21-22
203952,17.2,6.5,14.0,0.466,2.2,5.5,0.393,2.0,3.2,0.634,1.2,3.3,4.5,2.2,1.0,0.7,1.5,2.2,3.6,21-22
1629014,17.3,6.2,14.0,0.443,3.1,7.8,0.405,1.8,2.0,0.888,0.5,2.2,2.6,3.9,0.5,0.1,2.0,1.9,-1.5,21-22
203076,23.2,9.3,17.4,0.532,0.3,1.8,0.186,4.4,6.1,0.713,2.7,7.2,9.9,3.1,1.2,2.3,2.1,2.4,-2.3,21-22
1630162,21.3,7.6,17.3,0.441,3.0,8.4,0.357,3.1,3.9,0.786,0.9,3.9,4.8,3.8,1.5,0.6,2.6,2.3,2.6,21-22
1630264,4.1,1.4,2.5,0.569,0.3,0.6,0.538,1.0,1.2,0.808,0.8,1.2,1.9,0.6,0.1,0.3,0.4,1.3,1.4,21-22
1630237,0.0,0.0,1.0,0.0,0.0,1.0,0.0,0.0,0.0,0.0,0.0,0.5,0.5,1.0,0.0,0.0,0.0,0.0,2.5,21-22
1629717,5.3,1.8,5.4,0.339,1.4,4.6,0.297,0.3,0.4,0.857,0.4,1.5,1.9,1.1,0.5,0.2,0.5,1.4,-1.5,21-22
1629083,0.0,0.0,0.5,0.0,0.0,0.5,0.0,0.0,0.0,0.0,0.0,0.0,0.0,0.0,0.0,0.0,0.0,0.5,-6.0,21-22
1630559,7.3,2.4,5.2,0.459,0.9,2.7,0.317,1.6,1.9,0.839,0.7,2.4,3.2,1.8,0.5,0.3,0.7,1.4,0.9,21-22
203085,6.0,2.2,5.2,0.417,1.2,3.4,0.342,0.5,0.7,0.727,0.3,1.4,1.7,1.3,0.8,0.1,0.8,1.8,0.8,21-22
202340,6.4,2.4,5.6,0.423,1.3,3.4,0.39,0.3,0.3,0.889,0.5,1.7,2.2,0.8,0.9,0.1,0.6,1.9,-2.9,21-22
1630245,8.8,3.6,6.9,0.52,0.9,2.4,0.376,0.7,1.0,0.679,0.4,2.4,2.8,3.3,0.8,0.4,1.4,2.4,-2.6,21-22
1629168,6.5,2.8,6.3,0.44,1.0,2.5,0.4,0.0,0.0,0.0,1.5,2.3,3.8,0.0,0.0,0.3,0.0,1.0,-3.0,21-22
1628389,19.1,7.3,13.0,0.557,0.0,0.1,0.0,4.6,6.1,0.753,2.4,7.6,10.1,3.4,1.4,0.8,2.6,3.1,5.4,21-22
203463,10.2,3.4,8.4,0.401,2.4,6.5,0.362,1.1,1.4,0.818,0.2,1.4,1.6,0.9,0.6,0.2,0.9,1.6,-5.5,21-22
202687,5.8,2.4,4.0,0.593,0.0,0.0,0.0,1.1,2.0,0.535,1.8,2.9,4.6,0.6,0.3,0.7,0.7,1.9,1.4,21-22
201933,6.4,2.4,5.6,0.425,0.7,2.6,0.262,1.0,1.4,0.724,1.1,3.0,4.1,1.9,0.5,0.3,0.6,1.7,-1.7,21-22
1626246,4.3,1.8,3.0,0.6,0.0,0.2,0.25,0.6,1.0,0.591,0.3,1.3,1.7,0.1,0.0,0.1,0.7,1.0,1.5,21-22
1626171,14.6,5.8,12.1,0.479,1.8,4.7,0.393,1.2,1.6,0.752,2.5,6.6,9.1,1.2,0.7,0.7,1.3,2.4,4.4,21-22
203992,15.1,5.4,12.6,0.431,2.7,7.3,0.368,1.5,1.8,0.843,0.5,3.5,4.0,3.1,1.1,0.2,1.1,2.1,3.0,21-22
202711,18.1,6.1,13.4,0.455,2.6,6.8,0.387,3.2,3.8,0.858,0.8,3.4,4.3,1.7,0.5,0.0,1.7,1.7,3.2,21-22
1629626,2.4,1.1,1.9,0.556,0.1,0.3,0.25,0.1,0.4,0.4,0.3,1.1,1.4,0.4,0.1,0.1,0.3,0.3,0.4,21-22
1630538,10.1,3.3,8.3,0.403,1.9,5.2,0.366,1.6,1.8,0.856,0.2,2.5,2.7,2.8,0.6,0.3,1.2,2.2,0.6,21-22
202954,3.6,1.2,3.3,0.364,0.2,0.7,0.235,1.0,1.1,0.92,0.3,1.4,1.7,2.4,0.3,0.3,1.0,2.0,-1.9,21-22
203078,23.2,8.7,19.3,0.451,1.6,5.3,0.3,4.2,5.1,0.833,1.0,3.8,4.7,6.6,0.9,0.4,3.4,2.4,-2.6,21-22
1630527,6.7,2.5,6.4,0.385,0.7,2.2,0.306,1.2,1.4,0.819,0.3,1.8,2.2,1.0,0.5,0.3,0.6,0.8,-0.7,21-22
1629634,10.4,4.5,7.0,0.644,0.1,0.3,0.227,1.3,2.0,0.654,2.1,3.2,5.3,1.3,0.6,1.1,0.5,1.9,2.8,21-22
1629164,4.8,1.8,4.3,0.416,0.5,1.5,0.345,0.7,1.1,0.632,0.4,1.5,1.9,2.5,0.7,0.0,1.0,1.1,-1.5,21-22
1627742,22.7,8.2,17.9,0.461,1.3,4.1,0.327,4.8,5.9,0.826,0.6,5.2,5.8,5.6,0.6,0.5,2.7,2.2,2.2,21-22
202688,6.4,2.0,5.0,0.4,0.8,3.4,0.235,1.6,1.6,1.0,0.0,1.6,1.6,1.6,0.2,0.0,0.8,1.0,-1.2,21-22
1630314,12.9,4.4,11.8,0.372,1.3,4.4,0.292,2.8,4.0,0.701,0.8,2.3,3.1,3.9,1.0,0.4,2.4,2.2,-11.3,21-22
1630296,7.2,3.0,6.5,0.458,0.5,1.9,0.286,0.6,1.2,0.538,1.2,3.4,4.5,1.0,0.9,1.0,1.0,2.4,2.5,21-22
1630271,1.8,0.7,1.5,0.444,0.2,0.8,0.222,0.3,0.4,0.6,0.2,0.7,0.8,0.9,0.1,0.1,0.5,0.6,0.3,21-22
201572,12.4,4.7,10.1,0.466,1.5,4.1,0.358,1.5,1.8,0.87,1.5,2.6,4.1,0.5,0.6,1.2,0.9,2.6,-0.5,21-22
1628971,9.0,3.6,7.0,0.506,0.5,1.3,0.404,1.3,1.8,0.758,1.4,3.4,4.8,2.1,1.1,0.7,0.8,2.4,-0.6,21-22
1628981,2.9,1.2,1.8,0.655,0.0,0.1,0.5,0.5,0.8,0.625,0.6,1.2,1.8,0.2,0.0,0.4,0.5,0.8,-1.1,21-22
1627854,8.8,3.1,7.2,0.429,1.6,3.9,0.414,1.1,1.2,0.908,0.1,1.1,1.2,1.0,0.3,0.1,0.7,1.3,0.3,21-22
1627741,15.6,5.5,13.6,0.406,3.2,8.8,0.366,1.4,1.6,0.874,0.8,3.5,4.4,2.8,0.9,0.3,1.9,2.3,-2.0,21-22
1629604,5.8,2.1,5.3,0.393,0.6,2.2,0.294,1.0,1.4,0.714,1.1,2.8,3.9,1.5,0.6,0.3,1.0,2.0,-6.0,21-22
203468,22.1,8.6,18.8,0.46,2.9,7.6,0.388,1.9,2.7,0.682,0.9,3.5,4.3,5.1,1.1,0.4,2.0,2.0,-1.1,21-22
101139,0.0,0.0,0.0,0.0,0.0,0.0,0.0,0.0,0.0,0.0,0.0,0.0,0.0,0.0,0.0,0.0,0.0,1.0,-5.0,21-22
1630595,17.4,6.7,16.1,0.416,1.8,5.7,0.314,2.2,2.6,0.845,0.9,4.6,5.5,5.6,1.2,0.7,3.7,3.1,-4.3,21-22
1628997,9.2,3.5,6.8,0.507,1.1,2.6,0.413,1.2,1.6,0.763,1.2,2.7,3.8,1.1,1.0,0.5,0.9,1.7,2.6,21-22
1629629,10.1,3.4,8.3,0.404,1.3,3.8,0.359,2.1,2.3,0.902,0.5,1.6,2.1,1.0,1.0,0.3,1.2,1.2,-4.4,21-22
1630560,8.5,3.3,7.5,0.433,0.7,2.6,0.27,1.3,1.6,0.829,0.2,2.2,2.4,1.2,0.5,0.1,0.8,1.0,-2.1,21-22
1629661,12.5,4.2,9.2,0.46,2.5,5.9,0.425,1.5,1.7,0.86,0.6,3.5,4.1,1.5,0.9,0.2,0.7,1.7,3.3,21-22
1630787,4.7,1.7,4.7,0.357,0.7,2.0,0.333,0.7,0.7,1.0,2.0,3.0,5.0,1.0,0.0,0.3,0.0,2.3,2.7,21-22
1628419,11.5,5.0,7.5,0.667,0.5,1.5,0.333,1.0,1.5,0.667,1.0,2.0,3.0,1.5,0.5,0.5,0.0,2.5,-1.0,21-22
1626166,10.8,4.1,10.1,0.409,1.2,3.6,0.336,1.3,1.5,0.843,0.4,2.6,3.0,4.9,0.7,0.3,1.8,2.1,2.6,21-22
1627747,17.0,6.5,14.7,0.444,1.4,4.4,0.32,2.5,3.3,0.756,0.7,2.9,3.7,4.3,0.9,0.4,1.9,2.3,-1.1,21-22
1630637,0.8,0.2,1.8,0.111,0.0,0.2,0.0,0.4,0.4,1.0,0.2,0.4,0.6,1.0,0.2,0.0,0.6,0.0,-4.0,21-22
2546,13.3,4.6,10.5,0.441,2.2,5.8,0.375,1.9,2.3,0.83,0.9,3.3,4.2,1.0,0.7,0.8,0.9,2.4,-1.3,21-22
1629035,5.8,2.3,7.5,0.3,1.0,4.0,0.25,0.3,0.3,1.0,0.5,1.0,1.5,3.5,0.5,0.0,1.3,1.0,-3.0,21-22
1630199,5.8,2.1,5.1,0.413,0.4,1.9,0.235,1.1,1.1,1.0,0.6,1.6,2.1,0.4,0.6,0.2,0.7,1.9,-1.7,21-22
1630216,2.0,0.6,1.6,0.364,0.3,0.9,0.333,0.6,0.6,1.0,0.0,0.1,0.1,1.0,0.0,0.0,0.4,1.3,-0.9,21-22
1627760,0.0,0.0,1.3,0.0,0.0,0.0,0.0,0.0,1.3,0.0,0.3,0.7,1.0,1.0,0.0,0.0,0.3,0.3,3.7,21-22
1626224,10.7,3.7,8.7,0.432,1.9,5.4,0.357,1.3,2.0,0.664,0.4,1.8,2.2,2.0,0.8,0.2,1.0,1.9,-0.9,21-22
1628990,0.7,0.2,0.3,0.5,0.0,0.0,0.0,0.3,0.3,1.0,0.0,0.8,0.8,0.3,0.0,0.0,0.7,0.2,2.5,21-22
1629646,3.0,1.3,2.0,0.638,0.0,0.2,0.0,0.4,0.5,0.75,1.0,1.7,2.7,0.3,0.2,0.7,0.3,1.4,-1.5,21-22
1629718,1.4,0.5,1.8,0.256,0.0,0.5,0.083,0.4,0.5,0.9,0.6,0.8,1.5,0.3,0.5,0.2,0.2,0.8,-1.0,21-22
1630602,6.2,2.0,6.4,0.313,1.2,3.6,0.333,1.0,1.2,0.833,0.2,3.0,3.2,0.8,0.4,0.0,0.2,1.4,-4.0,21-22
1627767,3.7,1.0,2.7,0.375,0.0,0.0,0.0,1.7,2.0,0.833,1.3,2.7,4.0,0.0,0.3,0.0,0.3,2.0,-11.0,21-22
1629002,8.9,3.4,7.5,0.452,1.0,3.1,0.306,1.2,1.5,0.78,0.6,5.0,5.6,1.0,0.9,0.5,1.0,1.6,-2.6,21-22
1628449,9.4,3.4,7.2,0.464,0.9,2.9,0.297,1.9,2.4,0.777,2.2,3.9,6.2,0.3,0.6,0.9,0.5,2.2,2.4,21-22
1629185,2.0,0.7,2.4,0.296,0.5,1.6,0.321,0.1,0.1,0.667,0.3,0.8,1.1,1.9,0.4,0.0,0.9,0.9,-1.4,21-22
1630537,13.1,4.9,11.3,0.432,1.7,4.6,0.369,1.6,2.0,0.804,0.7,3.4,4.1,2.1,1.0,0.2,1.6,1.7,-1.0,21-22
101108,14.7,5.6,11.3,0.493,1.0,3.1,0.317,2.6,3.1,0.837,0.3,4.0,4.4,10.8,1.9,0.3,2.4,2.1,7.1,21-22
1629735,2.6,0.8,1.5,0.533,0.0,0.0,0.0,1.0,1.2,0.833,1.3,2.3,3.6,0.7,0.0,0.1,0.8,2.0,-2.9,21-22
1626174,17.9,6.5,12.9,0.501,1.9,4.9,0.39,3.0,4.9,0.623,1.6,8.5,10.1,2.3,0.8,1.0,1.9,2.5,-6.0,21-22
1629643,8.6,3.1,8.2,0.376,1.7,5.3,0.318,0.8,0.9,0.846,0.7,4.3,5.0,1.7,1.4,0.6,0.8,1.4,-4.5,21-22
203991,11.1,5.0,8.2,0.613,0.0,0.0,0.0,1.1,2.3,0.473,3.8,8.1,11.9,1.2,0.7,1.3,0.6,2.2,1.7,21-22
1629632,12.7,4.6,10.6,0.433,2.2,5.8,0.385,1.3,1.5,0.857,0.3,2.7,3.0,2.9,0.5,0.2,1.1,2.2,-0.6,21-22
1628998,7.7,2.9,6.0,0.482,0.9,2.2,0.384,1.1,1.5,0.701,1.2,2.9,4.0,2.5,1.2,0.5,0.9,1.6,-0.4,21-22
203469,5.2,1.9,3.3,0.567,0.0,0.1,0.0,1.4,1.8,0.776,1.9,2.8,4.6,0.8,0.3,0.2,0.7,2.1,-1.0,21-22
1630175,16.3,5.5,14.0,0.391,2.0,6.0,0.338,3.3,3.9,0.854,0.5,4.9,5.4,5.7,0.7,0.3,2.6,2.6,-3.6,21-22
1629012,16.0,6.2,13.7,0.45,1.0,4.1,0.244,2.6,3.5,0.744,1.2,2.1,3.3,2.1,0.9,0.0,2.8,2.3,-2.7,21-22
1630557,8.2,3.0,6.7,0.455,1.5,4.2,0.35,0.7,0.8,0.871,0.7,2.0,2.7,1.1,0.5,0.3,0.6,1.2,0.5,21-22
202709,8.0,2.7,6.2,0.445,1.0,2.4,0.414,1.5,1.7,0.885,0.4,2.2,2.7,3.6,0.6,0.3,1.3,2.3,-3.1,21-22
1628591,2.0,1.0,1.3,0.75,0.0,0.3,0.0,0.0,0.0,0.0,0.0,0.0,0.0,0.3,1.3,0.0,0.3,2.3,0.3,21-22
1626156,18.1,6.2,15.0,0.411,2.7,8.0,0.34,3.0,3.7,0.825,0.4,2.9,3.3,7.1,1.0,0.3,2.5,2.0,3.2,21-22
201571,5.3,1.7,4.0,0.423,1.2,3.0,0.415,0.7,0.8,0.884,0.2,1.0,1.2,1.9,0.3,0.0,1.0,0.7,-3.2,21-22
1628391,7.5,2.8,3.8,0.733,0.0,0.5,0.0,2.0,2.5,0.8,0.3,3.8,4.0,1.3,1.3,0.3,0.5,1.5,-4.0,21-22
1629610,0.7,0.3,0.7,0.5,0.0,0.3,0.0,0.0,0.0,0.0,0.0,0.7,0.7,0.3,0.0,0.0,0.0,0.3,-1.0,21-22
1630227,3.2,1.1,2.8,0.403,0.3,1.1,0.269,0.7,1.3,0.533,0.3,1.1,1.4,1.7,0.6,0.0,1.1,0.9,-1.9,21-22
1629751,1.0,0.3,1.0,0.333,0.3,1.0,0.333,0.0,0.0,0.0,0.0,0.3,0.3,0.2,0.2,0.0,0.0,0.2,-1.8,21-22
1630625,3.2,1.3,3.2,0.411,0.2,0.8,0.255,0.4,0.7,0.591,0.6,1.3,1.9,1.5,0.4,0.2,0.8,1.1,0.5,21-22
1627745,8.1,3.1,4.8,0.658,0.2,0.5,0.345,1.7,2.3,0.718,1.3,3.1,4.4,1.2,0.5,0.8,1.1,2.3,-3.1,21-22
203081,24.0,7.7,19.0,0.402,3.2,9.8,0.324,5.5,6.2,0.878,0.4,3.7,4.1,7.3,0.6,0.4,2.9,1.3,-1.0,21-22
1627814,7.4,2.7,6.1,0.441,1.0,3.0,0.337,1.0,1.2,0.88,0.4,2.8,3.2,1.0,0.6,0.1,0.6,1.5,1.5,21-22
1628422,2.0,1.0,2.0,0.5,0.0,0.5,0.0,0.0,0.0,0.0,0.0,1.0,1.0,0.5,0.0,0.0,0.0,0.0,1.5,21-22
1629655,9.4,4.0,5.7,0.693,0.0,0.0,0.0,1.5,2.1,0.699,2.2,3.5,5.7,0.9,0.4,1.4,0.9,2.4,-2.9,21-22
1630187,3.0,1.0,2.0,0.5,0.0,0.3,0.0,1.0,1.7,0.6,0.3,1.3,1.7,0.0,0.0,0.7,0.0,0.3,-8.0,21-22
1628464,8.2,3.2,6.2,0.519,0.7,2.3,0.308,1.0,1.5,0.681,1.3,3.6,4.9,0.9,0.4,0.7,1.0,2.4,-1.9,21-22
201568,11.7,3.9,9.0,0.434,1.7,4.5,0.381,2.1,2.4,0.904,0.5,4.1,4.7,1.5,0.4,0.2,0.6,1.4,1.6,21-22
201980,5.9,2.0,5.2,0.394,1.7,4.4,0.38,0.2,0.2,0.786,0.5,2.0,2.5,1.0,1.0,0.6,0.7,1.7,1.3,21-22
1627863,5.9,1.9,4.7,0.404,1.0,2.8,0.376,1.0,1.4,0.759,0.4,2.2,2.6,1.0,0.5,0.4,0.8,1.2,1.5,21-22
1629647,10.8,4.0,9.4,0.422,1.2,3.9,0.297,1.7,2.5,0.688,1.0,5.3,6.3,1.4,0.8,1.0,1.3,1.0,-6.8,21-22
1629636,21.7,8.0,17.3,0.462,2.6,6.7,0.383,3.2,3.5,0.892,0.6,2.7,3.3,8.6,1.3,0.1,3.6,1.7,5.5,21-22
201954,1.3,0.7,2.3,0.286,0.0,1.0,0.0,0.0,0.0,0.0,0.0,1.3,1.3,0.7,0.3,0.0,0.3,1.7,-4.7,21-22
1630561,4.7,1.8,4.9,0.361,0.4,1.7,0.243,0.8,1.0,0.81,1.4,1.7,3.0,0.8,0.6,0.3,0.4,1.6,-0.5,21-22
1630525,0.0,0.0,0.5,0.0,0.0,0.5,0.0,0.0,0.0,0.0,0.0,0.0,0.0,0.0,0.0,0.0,0.0,0.0,-1.0,21-22
1628021,5.1,1.8,3.8,0.483,0.3,1.1,0.306,1.0,1.5,0.716,0.9,2.4,3.3,0.8,0.6,0.4,0.5,1.2,-2.5,21-22
1630558,11.5,4.7,11.2,0.418,1.3,4.3,0.316,0.7,1.1,0.659,0.4,1.8,2.2,4.2,0.7,0.3,1.5,1.9,-3.7,21-22
202722,5.6,1.8,4.9,0.36,1.4,4.1,0.335,0.6,0.7,0.9,0.2,1.9,2.1,0.6,0.3,0.2,0.3,1.5,0.5,21-22
1628432,4.4,1.7,3.4,0.503,0.8,1.8,0.43,0.2,0.3,0.667,0.3,2.0,2.3,1.1,0.5,0.2,0.3,1.3,-0.5,21-22
1630549,6.2,2.7,4.7,0.577,0.1,0.2,0.286,0.8,1.3,0.585,2.5,2.5,5.0,0.5,0.3,0.5,0.9,1.9,1.8,21-22
1628368,23.2,8.7,18.5,0.473,1.3,4.2,0.297,4.4,5.9,0.75,0.4,3.5,3.9,5.6,1.2,0.4,2.8,2.9,-3.3,21-22
1629631,13.4,4.8,10.8,0.442,1.4,3.7,0.379,2.4,3.1,0.765,0.5,2.8,3.3,1.3,0.7,0.4,1.3,2.9,0.5,21-22
1629001,10.8,3.8,9.5,0.404,1.9,5.1,0.374,1.2,1.6,0.75,0.9,3.6,4.5,2.7,1.4,0.5,1.5,1.8,3.0,21-22
201599,4.3,1.9,3.0,0.643,0.0,0.0,0.0,0.5,0.8,0.55,1.7,3.8,5.5,0.4,0.3,0.7,0.8,1.5,-3.1,21-22
1627761,5.1,2.2,3.9,0.561,0.3,0.6,0.417,0.4,0.6,0.6,0.8,2.2,2.9,1.2,0.9,0.4,0.6,2.0,-0.5,21-22
1630610,0.0,0.0,0.0,0.0,0.0,0.0,0.0,0.0,0.0,0.0,0.0,0.0,0.0,0.0,0.0,0.0,0.0,0.0,2.0,21-22
201942,27.9,10.2,20.2,0.504,0.7,1.9,0.352,6.8,7.8,0.877,0.7,4.4,5.2,4.9,0.9,0.3,2.4,2.3,1.0,21-22
202326,9.0,3.1,6.8,0.46,0.8,2.5,0.303,2.0,2.6,0.76,1.5,4.1,5.6,1.5,0.7,0.4,1.8,2.9,0.8,21-22
1629731,5.3,1.9,4.3,0.456,1.0,2.8,0.359,0.4,0.6,0.667,0.6,2.3,2.9,1.0,0.6,0.1,0.3,1.7,0.7,21-22
1629028,17.2,7.6,12.0,0.634,0.1,0.3,0.368,1.8,2.4,0.746,2.6,7.7,10.2,1.4,0.7,0.7,1.6,2.4,5.9,21-22
1629686,1.0,0.3,3.3,0.1,0.3,2.3,0.143,0.0,0.0,0.0,0.0,2.0,2.0,0.3,1.0,0.3,0.0,1.3,-9.3,21-22
1627749,21.1,8.4,18.3,0.462,1.4,4.3,0.327,2.9,3.6,0.794,1.2,7.1,8.3,9.2,2.0,0.3,2.6,2.0,0.7,21-22
1626153,4.4,1.6,3.5,0.454,0.6,1.5,0.379,0.7,0.8,0.857,0.6,2.2,2.9,2.4,1.2,0.2,0.6,0.7,0.8,21-22
1630166,8.4,3.0,7.1,0.432,1.0,3.2,0.317,1.3,1.7,0.757,0.6,4.5,5.2,2.0,0.7,0.5,1.1,2.3,-0.8,21-22
203471,13.5,4.9,11.3,0.431,1.3,3.9,0.344,2.5,2.9,0.853,0.5,2.8,3.3,4.6,0.8,0.1,2.2,2.4,-0.5,21-22
1628372,5.6,2.1,5.1,0.418,0.2,0.7,0.222,1.1,1.7,0.656,0.5,1.8,2.4,3.6,1.2,0.3,1.4,1.4,-3.7,21-22
1627756,2.9,1.0,2.8,0.379,0.8,2.0,0.404,0.0,0.0,0.0,0.4,1.4,1.8,0.5,0.3,0.0,0.5,0.8,-1.1,21-22
202324,5.3,2.4,4.7,0.516,0.1,0.4,0.125,0.4,0.6,0.64,1.5,3.2,4.7,0.6,0.4,0.3,0.2,1.6,-3.7,21-22
1627884,5.6,2.1,3.8,0.538,0.4,1.2,0.328,1.1,1.4,0.8,1.2,2.1,3.3,0.6,0.5,0.6,0.6,2.1,0.8,21-22
201565,12.0,4.7,10.5,0.445,1.4,3.5,0.402,1.2,1.2,0.968,0.8,2.2,3.0,4.0,0.8,0.5,1.5,0.6,3.5,21-22
1628476,6.3,2.0,8.7,0.231,1.0,4.3,0.231,1.3,1.3,1.0,0.7,2.7,3.3,7.0,2.3,1.3,3.7,2.7,-1.0,21-22
1628401,13.2,4.5,10.7,0.421,1.5,4.9,0.312,2.7,3.1,0.864,0.5,3.0,3.5,4.9,0.9,0.8,1.6,2.3,2.7,21-22
1630217,18.2,6.7,14.5,0.461,3.0,6.9,0.436,1.8,2.0,0.903,0.6,3.8,4.4,2.7,1.2,0.4,1.5,2.6,4.8,21-22
1626164,26.8,9.7,20.9,0.466,2.7,7.0,0.383,4.6,5.3,0.868,0.7,4.4,5.0,4.8,1.1,0.4,2.4,2.6,6.9,21-22
1629962,10.0,3.0,8.8,0.341,3.0,7.4,0.405,1.0,1.4,0.714,0.2,1.0,1.2,2.0,1.0,0.6,1.0,1.8,-2.2,21-22
1630170,12.3,4.6,10.8,0.427,1.9,5.4,0.361,1.2,1.4,0.838,0.6,3.7,4.3,1.9,1.1,0.6,0.8,2.0,0.5,21-22
1629653,2.6,1.0,2.1,0.478,0.2,0.8,0.222,0.5,0.8,0.556,0.1,0.7,0.8,1.4,0.1,0.0,0.5,1.0,-0.2,21-22
1629719,3.1,1.4,2.1,0.677,0.0,0.0,0.0,0.3,0.5,0.571,0.5,2.3,2.8,0.4,0.5,0.5,0.2,1.1,-0.1,21-22
1628984,11.9,3.9,10.7,0.363,2.5,7.4,0.341,1.6,1.8,0.843,0.5,1.8,2.3,4.2,0.9,0.2,1.4,1.3,0.5,21-22
203473,6.3,2.4,4.3,0.566,0.3,0.7,0.404,1.1,1.5,0.75,1.6,4.2,5.8,0.7,0.4,0.6,1.0,2.6,0.7,21-22
1629712,3.9,1.3,3.7,0.364,1.0,2.6,0.391,0.2,0.2,1.0,0.6,1.3,1.9,0.6,0.2,0.2,0.6,1.4,-9.0,21-22
1628415,18.4,7.1,16.4,0.432,1.4,4.7,0.309,2.8,3.3,0.849,0.9,2.3,3.2,2.8,1.1,0.3,1.6,3.3,6.4,21-22
1627734,18.9,7.1,12.5,0.573,0.6,2.0,0.312,4.0,5.4,0.741,3.2,8.9,12.1,5.2,1.0,0.4,3.1,3.3,-0.2,21-22
1628378,25.9,9.2,20.5,0.448,3.5,9.8,0.355,4.0,4.7,0.853,0.8,3.4,4.2,5.3,1.5,0.2,3.0,2.4,4.1,21-22
1628978,9.0,2.8,8.0,0.351,1.8,5.2,0.339,1.7,2.0,0.843,1.0,3.1,4.0,2.8,1.1,0.2,1.7,1.6,-1.8,21-22
1627827,11.0,4.1,8.7,0.471,2.2,5.4,0.395,0.7,1.0,0.675,1.5,3.2,4.7,1.9,1.1,0.5,1.0,2.3,3.0,21-22
203926,11.3,4.2,9.1,0.462,2.1,5.0,0.422,0.8,1.0,0.784,0.4,1.9,2.3,1.3,0.3,0.1,0.8,1.5,-0.7,21-22
203110,7.5,2.9,5.6,0.525,0.3,1.2,0.296,1.3,2.0,0.659,1.0,6.3,7.3,7.0,1.3,1.1,3.0,3.0,4.2,21-22
1629234,7.7,3.1,5.2,0.596,0.1,0.3,0.217,1.4,1.8,0.762,1.8,3.5,5.4,1.2,0.4,0.6,1.1,1.7,-4.6,21-22
1630613,9.9,3.6,8.9,0.405,1.7,4.5,0.377,1.0,1.3,0.754,0.1,1.6,1.7,1.8,0.5,0.1,1.2,1.4,-2.6,21-22
1629130,10.9,3.7,9.2,0.399,2.9,7.9,0.372,0.6,0.8,0.836,0.3,2.3,2.6,1.6,0.5,0.2,0.8,2.5,1.3,21-22
2730,6.2,2.2,3.7,0.612,0.1,0.3,0.533,1.6,2.4,0.658,2.0,4.0,5.9,0.6,0.6,0.6,0.8,1.9,-2.1,21-22
203939,8.7,3.3,4.9,0.671,0.2,0.5,0.351,2.0,2.6,0.783,2.1,2.8,4.9,1.2,0.5,0.5,0.8,2.7,0.9,21-22
1629685,2.2,0.7,2.0,0.378,0.4,1.4,0.3,0.3,0.4,0.833,0.4,1.4,1.8,0.7,0.3,0.1,0.3,0.9,-0.2,21-22
202334,0.9,0.4,0.5,0.688,0.0,0.0,0.0,0.2,0.5,0.429,0.5,1.6,2.1,0.2,0.1,0.3,0.2,1.1,0.5,21-22
203901,3.0,1.3,3.5,0.383,0.1,0.4,0.222,0.2,0.6,0.375,0.4,1.3,1.8,2.0,0.5,0.1,0.9,0.8,-0.9,21-22
1630190,3.5,1.3,4.0,0.326,0.7,2.6,0.263,0.2,0.3,0.778,0.2,1.4,1.6,0.6,0.4,0.2,0.5,1.1,-6.4,21-22
1629150,0.0,0.0,1.7,0.0,0.0,0.0,0.0,0.0,0.0,0.0,2.7,2.3,5.0,0.7,0.3,0.0,1.7,1.3,-6.3,21-22
1626144,1.5,0.0,1.0,0.0,0.0,0.0,0.0,1.5,2.0,0.75,0.0,0.0,0.0,2.0,0.5,0.0,0.5,0.5,-3.5,21-22
202683,3.7,1.5,2.8,0.526,0.1,0.1,0.4,0.7,0.8,0.857,1.7,2.8,4.6,0.2,0.1,0.4,0.6,1.2,2.0,21-22
202339,9.9,3.6,8.7,0.421,0.9,3.0,0.313,1.6,2.2,0.761,0.5,2.9,3.4,4.2,1.3,0.4,2.1,1.6,-0.7,21-22
201569,13.4,4.7,9.9,0.475,2.2,5.3,0.412,1.8,2.4,0.778,0.3,1.7,2.0,2.7,0.5,0.3,1.9,1.1,-3.1,21-22
1629672,5.8,2.0,4.1,0.485,0.7,1.9,0.37,1.1,1.5,0.767,0.5,1.3,1.8,0.6,0.2,0.1,0.5,0.9,-0.5,21-22
1630647,1.8,0.5,1.3,0.4,0.3,0.5,0.5,0.5,1.0,0.5,0.5,1.3,1.8,0.5,0.0,0.0,0.0,0.5,0.8,21-22
203095,14.1,5.0,12.1,0.417,3.0,7.7,0.389,1.0,1.4,0.708,0.4,2.2,2.6,2.1,1.0,0.3,1.3,2.3,-1.2,21-22
1630596,15.0,6.1,12.0,0.508,0.3,1.3,0.25,2.4,3.7,0.663,2.1,6.2,8.3,2.5,0.8,1.7,1.9,2.1,1.4,21-22
1630267,5.1,1.6,4.6,0.361,0.9,3.0,0.301,0.9,1.2,0.769,0.4,1.4,1.8,3.4,1.0,0.4,1.0,1.9,-3.3,21-22
1630624,0.0,0.0,1.0,0.0,0.0,0.0,0.0,0.0,0.0,0.0,0.5,0.0,0.5,0.5,0.5,0.0,0.5,0.5,-0.5,21-22
1628402,10.6,3.7,9.1,0.402,1.6,5.3,0.308,1.6,2.0,0.827,0.4,1.3,1.6,1.0,0.5,0.2,0.7,1.7,-3.5,21-22
1626163,10.6,4.0,7.3,0.545,0.6,1.7,0.333,2.0,2.2,0.9,1.2,3.3,4.6,1.4,0.9,0.8,0.6,1.6,4.3,21-22
1628373,4.1,1.5,3.8,0.399,0.7,1.9,0.342,0.4,0.4,0.96,0.2,1.2,1.4,1.2,0.5,0.1,0.5,1.1,1.1,21-22
1630532,15.2,5.8,12.3,0.468,1.2,3.4,0.354,2.4,2.8,0.863,1.1,3.4,4.5,2.9,0.9,0.4,1.5,2.1,-3.1,21-22
1627832,20.3,6.8,16.9,0.403,3.7,9.9,0.377,3.0,3.4,0.874,0.7,3.8,4.4,6.7,1.7,0.5,2.6,2.5,3.3,21-22
1630273,2.3,1.0,2.4,0.409,0.0,0.1,0.0,0.3,0.8,0.429,1.4,2.6,4.0,0.6,0.3,1.0,0.6,2.0,-3.2,21-22
1627788,7.6,2.7,7.0,0.387,1.1,4.0,0.289,1.0,1.3,0.81,0.3,2.3,2.6,1.9,0.5,0.1,0.7,0.9,0.5,21-22
1629216,8.7,3.1,7.5,0.417,1.8,4.8,0.368,0.6,0.8,0.815,0.3,1.5,1.9,3.1,0.9,0.2,1.4,2.3,1.5,21-22
1628221,4.0,1.0,3.5,0.286,0.5,3.0,0.167,1.5,2.5,0.6,0.0,1.0,1.0,2.0,1.0,0.5,0.5,2.0,-2.0,21-22
1630466,2.6,1.1,2.0,0.571,0.3,0.6,0.5,0.0,0.0,0.0,0.1,0.7,0.9,0.7,0.1,0.0,0.3,0.3,-2.0,21-22
1630994,3.3,1.3,4.8,0.263,0.8,2.0,0.375,0.0,0.0,0.0,0.5,1.3,1.8,2.8,0.8,0.0,0.8,1.8,4.8,21-22
202066,5.2,1.9,5.0,0.376,1.0,3.1,0.319,0.5,0.7,0.683,0.5,1.9,2.4,1.3,0.7,0.4,0.7,1.4,-5.5,21-22
1629726,10.0,2.8,7.1,0.399,2.1,5.9,0.36,2.2,2.8,0.794,0.5,2.4,2.9,1.0,0.9,0.4,0.6,2.6,-3.4,21-22
1629109,2.7,0.9,2.3,0.375,0.7,1.8,0.4,0.2,0.3,0.7,0.6,1.8,2.4,0.5,0.3,0.2,0.3,0.5,-0.5,21-22
203914,11.1,3.9,9.1,0.434,1.9,5.0,0.384,1.4,1.6,0.874,0.6,1.4,2.0,1.8,1.0,0.1,1.0,1.8,-3.4,21-22
1627780,7.1,3.0,4.8,0.616,0.6,1.7,0.358,0.5,0.8,0.603,1.0,2.5,3.5,0.9,1.4,0.3,0.6,1.8,2.5,21-22
1629018,18.3,6.4,15.5,0.414,3.0,7.8,0.383,2.5,2.9,0.853,0.4,2.4,2.7,2.0,1.7,0.3,1.0,2.1,2.4,21-22
201588,6.2,2.2,5.1,0.429,0.8,2.5,0.306,1.1,1.1,0.919,0.7,2.2,2.9,2.2,0.8,0.1,0.8,1.3,5.8,21-22
1628994,0.3,0.0,1.3,0.0,0.0,1.0,0.0,0.3,0.5,0.5,0.0,1.3,1.3,0.0,0.0,0.0,0.3,1.0,-6.8,21-22
1627777,9.2,3.2,7.4,0.437,2.1,5.1,0.403,0.7,0.8,0.881,0.3,2.3,2.7,1.3,0.4,0.2,0.8,2.5,0.9,21-22
1630686,6.6,2.4,5.2,0.463,0.8,2.0,0.385,1.1,2.3,0.467,0.5,1.2,1.6,0.9,0.8,0.2,1.5,1.5,-10.3,21-22
203507,29.9,10.3,18.6,0.553,1.1,3.6,0.293,8.3,11.4,0.722,2.0,9.6,11.6,5.8,1.1,1.4,3.3,3.2,5.9,21-22
1629048,7.0,2.6,5.0,0.52,0.5,1.6,0.288,1.3,1.9,0.681,1.6,2.0,3.5,1.1,0.4,0.8,0.9,2.1,-0.6,21-22
201609,7.5,2.7,7.2,0.377,0.8,3.0,0.254,1.3,1.6,0.818,0.6,2.5,3.1,4.1,0.9,0.2,1.6,2.1,0.3,21-22
202330,15.9,5.8,12.6,0.459,1.8,4.5,0.391,2.6,3.0,0.846,0.8,3.8,4.6,3.6,1.0,0.4,1.7,1.7,-0.4,21-22
203476,3.5,1.2,2.5,0.473,0.7,1.5,0.426,0.4,0.6,0.731,0.7,2.0,2.8,0.8,0.3,0.3,0.5,1.2,-1.4,21-22
1629684,7.8,2.7,5.6,0.475,1.4,3.4,0.411,1.1,1.2,0.905,0.8,2.7,3.6,1.0,0.5,0.7,0.8,2.4,1.9,21-22
1628960,11.1,3.9,8.6,0.448,2.4,5.9,0.409,1.0,1.1,0.865,0.5,2.9,3.4,1.5,0.7,0.3,0.7,1.5,3.5,21-22
1630535,4.7,1.7,4.0,0.426,0.4,1.3,0.311,0.9,1.4,0.677,0.8,2.0,2.8,0.7,0.5,0.5,0.8,1.9,-5.0,21-22
202328,5.4,2.3,4.1,0.561,0.0,0.0,0.0,0.9,1.6,0.522,2.1,2.4,4.6,1.6,0.6,0.7,0.9,1.7,0.4,21-22
1628977,11.0,4.5,9.1,0.496,0.4,1.6,0.247,1.6,2.4,0.65,1.2,3.6,4.8,1.3,1.2,0.3,1.0,2.5,-3.6,21-22
203084,16.4,5.1,10.8,0.469,1.8,4.7,0.394,4.4,5.4,0.826,1.1,4.5,5.6,2.4,0.7,0.2,1.5,1.2,-4.9,21-22
202355,8.2,3.3,5.1,0.652,0.0,0.0,0.0,1.6,2.6,0.623,2.6,5.0,7.6,0.4,0.3,1.6,0.8,2.8,3.5,21-22
1629755,6.3,2.3,4.8,0.474,1.4,3.3,0.423,0.4,0.5,0.75,0.1,2.5,2.6,2.5,0.6,0.1,1.1,1.6,-0.3,21-22
1629312,2.3,0.8,2.4,0.348,0.5,1.5,0.321,0.1,0.3,0.4,0.5,0.8,1.4,0.3,0.1,0.2,0.2,0.7,-1.9,21-22
1630529,9.5,3.5,7.4,0.476,0.7,2.2,0.337,1.8,2.1,0.84,1.3,2.5,3.8,2.1,1.7,0.8,1.3,3.1,0.9,21-22
1629649,5.0,1.9,4.5,0.431,0.6,2.1,0.31,0.5,0.8,0.656,0.5,1.2,1.7,0.9,0.2,0.1,0.4,1.1,-4.1,21-22
1630193,11.3,3.6,9.3,0.392,1.8,5.1,0.346,2.3,2.6,0.881,0.4,2.8,3.2,3.5,0.7,0.0,1.3,2.1,3.4,21-22
1629067,0.8,0.2,0.9,0.231,0.1,0.3,0.25,0.3,0.5,0.625,0.3,0.2,0.5,0.3,0.5,0.1,0.1,0.7,-2.1,21-22
1630171,8.8,3.1,6.4,0.48,0.8,2.3,0.35,1.8,2.3,0.768,1.1,1.9,3.0,1.8,0.8,0.3,0.9,2.4,1.5,21-22
1628392,8.3,3.4,5.4,0.626,0.2,0.4,0.467,1.3,1.9,0.689,1.7,3.2,4.9,2.4,0.7,1.1,1.2,2.5,2.5,21-22
1630543,8.3,3.2,5.7,0.563,0.1,0.4,0.313,1.7,2.4,0.682,1.7,2.5,4.1,0.3,0.7,1.4,1.1,2.6,-1.1,21-22
1630198,3.6,1.1,3.2,0.35,0.8,2.5,0.333,0.5,0.6,0.935,0.1,0.9,1.0,0.6,0.3,0.1,0.3,0.9,0.4,21-22
1630587,6.4,2.2,4.7,0.456,1.4,3.4,0.422,0.6,0.7,0.857,0.8,2.2,3.0,1.1,0.7,0.4,0.8,1.9,-0.5,21-22
1629676,10.1,3.7,7.2,0.514,1.0,2.2,0.444,1.7,2.6,0.672,1.7,3.2,4.8,1.6,0.8,0.8,1.0,2.4,-4.1,21-22
1630191,8.3,3.5,6.9,0.51,0.2,0.6,0.326,1.0,1.5,0.718,3.2,5.5,8.7,1.2,0.3,1.1,1.2,3.0,-5.2,21-22
202738,8.4,3.0,7.6,0.401,1.3,3.8,0.337,1.0,1.2,0.846,0.2,1.1,1.3,1.5,0.3,0.2,0.7,1.5,-0.5,21-22
1630225,1.7,0.6,2.2,0.269,0.3,1.3,0.25,0.2,0.5,0.333,0.3,0.8,1.0,0.3,0.3,0.2,0.3,0.3,-2.0,21-22
202397,6.3,2.8,6.6,0.43,0.4,1.0,0.373,0.2,0.4,0.625,0.4,1.8,2.2,3.8,0.7,0.4,1.2,1.2,-2.4,21-22
1630688,2.4,0.9,2.3,0.394,0.4,1.3,0.322,0.2,0.3,0.583,0.6,0.6,1.2,0.3,0.4,0.1,0.3,1.1,0.9,21-22
1627826,10.3,4.1,6.5,0.626,0.0,0.0,0.0,2.2,3.0,0.727,2.9,5.6,8.5,1.6,0.5,1.0,1.5,2.7,-1.7,21-22
1630550,2.0,0.7,1.7,0.436,0.2,0.8,0.259,0.4,0.6,0.6,0.3,1.0,1.3,0.6,0.2,0.3,0.3,0.8,-0.2,21-22
1629630,27.4,10.2,20.6,0.493,1.5,4.5,0.344,5.5,7.3,0.761,1.4,4.4,5.7,6.7,1.2,0.4,3.4,1.5,3.3,21-22
203210,6.4,2.4,4.9,0.486,0.5,1.9,0.266,1.2,1.4,0.871,1.2,3.0,4.2,0.9,0.6,0.4,0.9,2.4,-1.3,21-22
1630605,0.0,0.0,0.5,0.0,0.0,0.3,0.0,0.0,0.0,0.0,0.0,0.0,0.0,0.5,0.0,0.0,0.0,0.3,-2.3,21-22
201580,9.2,3.9,6.2,0.629,0.0,0.1,0.222,1.4,2.0,0.699,2.2,4.5,6.7,0.6,0.3,1.1,1.3,2.4,1.6,21-22
203953,4.4,1.5,3.2,0.474,0.7,1.3,0.5,0.8,0.8,1.0,0.4,1.9,2.3,0.5,0.3,0.1,0.7,1.1,-0.6,21-22
1630183,9.2,3.6,7.9,0.46,1.1,3.6,0.317,0.8,1.0,0.803,1.1,3.1,4.2,1.1,0.7,0.8,1.1,3.2,0.0,21-22
1630531,1.0,0.5,0.5,1.0,0.0,0.0,0.0,0.0,0.0,0.0,0.5,0.5,1.0,0.0,0.0,1.0,0.5,0.0,-4.0,21-22
203109,9.4,3.2,8.1,0.399,1.9,5.4,0.348,1.1,1.3,0.789,0.4,4.8,5.3,1.9,1.4,0.4,0.8,2.6,5.9,21-22
1630256,11.8,4.7,9.3,0.498,0.8,2.6,0.312,1.7,2.4,0.707,1.7,3.7,5.4,2.8,0.9,0.5,1.8,3.7,-5.2,21-22
1630186,3.2,1.3,3.1,0.414,0.3,0.9,0.278,0.4,0.7,0.5,0.2,0.5,0.7,0.4,0.1,0.1,0.3,0.5,-1.1,21-22
1630693,0.0,0.0,0.0,0.0,0.0,0.0,0.0,0.0,0.0,0.0,0.0,0.0,0.0,0.0,0.0,0.0,0.0,0.0,-1.0,21-22
1627774,2.4,0.9,2.1,0.411,0.2,1.0,0.229,0.4,0.5,0.722,0.2,0.9,1.1,0.3,0.2,0.1,0.3,0.4,-0.3,21-22
1627751,13.5,6.0,9.8,0.618,0.0,0.0,1.0,1.4,2.8,0.495,3.9,5.5,9.3,2.8,0.7,1.7,1.6,3.1,1.7,21-22
1628973,16.3,6.4,12.8,0.502,1.2,3.2,0.373,2.3,2.7,0.84,0.5,3.4,3.9,4.8,0.8,0.0,1.6,1.9,2.9,21-22
1630224,17.3,6.1,14.2,0.426,2.3,6.8,0.343,2.8,3.5,0.797,0.5,2.9,3.4,2.6,0.7,0.3,2.0,1.5,-7.7,21-22
1630552,2.4,1.0,1.9,0.537,0.1,0.6,0.231,0.2,0.3,0.714,0.1,1.1,1.2,0.1,0.1,0.1,0.4,0.4,-0.9,21-22
1629667,6.2,2.2,4.6,0.484,0.7,2.0,0.38,1.0,1.3,0.736,0.7,2.4,3.1,1.1,0.5,0.4,0.7,1.7,0.8,21-22
1630188,9.2,3.5,6.9,0.503,0.8,2.4,0.328,1.5,2.0,0.765,2.0,4.0,6.0,0.5,0.3,0.8,0.8,1.9,0.6,21-22
1630591,11.8,4.1,11.4,0.361,0.9,4.1,0.214,2.6,3.4,0.773,0.5,3.0,3.6,4.4,1.2,0.4,3.0,3.0,-4.3,21-22
1630547,4.6,1.6,4.5,0.348,0.5,1.6,0.347,0.9,1.0,0.871,0.7,1.0,1.7,0.8,0.2,0.0,0.5,0.9,-1.6,21-22
203516,4.1,1.6,3.4,0.458,0.4,1.1,0.375,0.6,0.7,0.8,0.7,1.0,1.7,0.4,0.3,0.3,0.3,0.7,0.0,21-22
201935,22.0,6.3,15.3,0.41,2.3,6.9,0.33,7.2,8.2,0.877,0.8,6.8,7.7,10.3,1.3,0.6,4.4,2.4,2.7,21-22
201949,5.5,2.3,5.0,0.469,0.4,1.4,0.271,0.5,0.9,0.527,0.8,2.6,3.5,2.1,0.5,0.5,0.8,2.6,-1.0,21-22
1630691,3.8,1.4,3.8,0.36,1.0,3.0,0.333,0.1,0.2,0.5,0.5,2.0,2.5,0.5,0.0,0.5,0.4,0.9,0.0,21-22
1630215,3.8,1.5,3.6,0.404,0.7,2.1,0.318,0.3,0.4,0.688,0.1,1.0,1.1,1.5,0.4,0.2,0.8,1.1,-0.3,21-22
1629607,7.4,2.8,5.2,0.538,1.0,2.4,0.417,0.8,0.8,1.0,0.4,0.0,0.4,2.8,0.8,0.2,0.4,1.0,1.4,21-22
1628991,16.3,5.5,13.3,0.415,1.6,5.1,0.319,3.6,4.4,0.823,1.5,4.3,5.8,1.1,0.9,2.3,1.7,3.5,4.6,21-22
1629020,6.9,2.9,4.9,0.587,0.0,0.2,0.143,1.2,1.8,0.656,2.9,5.5,8.4,1.3,1.3,0.6,1.0,2.4,2.2,21-22
1628386,16.1,6.6,9.7,0.677,0.0,0.2,0.1,2.9,4.2,0.708,3.4,7.3,10.8,1.6,0.8,1.3,1.7,1.7,2.4,21-22
1629633,3.5,1.4,3.6,0.378,0.3,1.3,0.255,0.4,0.9,0.471,0.4,0.9,1.3,0.9,0.5,0.1,0.5,1.1,-0.5,21-22
1629600,0.7,0.3,0.7,0.5,0.0,0.3,0.0,0.0,0.0,0.0,0.3,0.7,1.0,0.3,0.0,0.0,0.0,0.7,3.0,21-22
1629602,0.0,0.0,0.0,0.0,0.0,0.0,0.0,0.0,0.0,0.0,0.0,1.0,1.0,0.0,1.0,0.0,0.0,1.0,4.0,21-22
1629750,7.2,2.7,5.0,0.542,0.6,1.6,0.356,1.2,1.5,0.833,1.4,2.8,4.2,0.9,1.0,0.5,0.5,2.0,0.3,21-22
1630606,3.0,1.1,3.5,0.317,0.5,1.6,0.296,0.3,0.4,0.833,0.3,1.1,1.4,0.9,0.4,0.2,0.6,0.7,-2.5,21-22
1629637,9.3,3.5,5.7,0.616,0.3,0.8,0.351,2.1,2.7,0.766,1.6,2.9,4.5,0.6,0.5,0.8,0.8,2.2,0.3,21-22
1630643,0.0,0.0,0.8,0.0,0.0,0.5,0.0,0.0,0.0,0.0,0.3,0.8,1.0,0.3,0.3,0.3,0.3,0.3,3.8,21-22
1630206,2.7,1.0,2.6,0.391,0.3,1.2,0.286,0.4,0.6,0.7,0.1,0.8,0.9,0.4,0.2,0.2,0.4,0.5,0.9,21-22
1627759,23.6,8.7,18.4,0.473,2.5,7.0,0.358,3.7,4.8,0.758,0.8,5.3,6.1,3.5,1.1,0.3,2.7,2.5,6.9,21-22
1629658,14.7,6.3,12.9,0.489,1.3,3.6,0.36,0.9,2.0,0.429,4.3,7.7,12.0,2.4,0.9,0.7,1.1,2.0,-12.4,21-22
1628537,0.7,0.0,2.0,0.0,0.0,0.7,0.0,0.7,1.3,0.5,0.0,0.7,0.7,0.7,0.0,0.0,0.3,0.7,2.7,21-22
1629669,8.5,3.2,6.7,0.475,1.0,2.6,0.394,1.2,1.5,0.783,0.4,1.6,2.0,2.1,0.4,0.2,0.6,1.2,1.1,21-22
1629873,0.0,0.0,3.0,0.0,0.0,2.0,0.0,0.0,0.0,0.0,0.0,1.0,1.0,1.0,0.0,0.0,1.0,2.0,-10.0,21-22
1628369,26.9,9.3,20.6,0.453,3.0,8.6,0.353,5.3,6.2,0.853,1.1,6.9,8.0,4.4,1.0,0.6,2.9,2.3,8.8,21-22
1630288,2.1,0.9,2.9,0.308,0.1,1.0,0.111,0.2,0.2,1.0,0.9,1.1,2.0,1.1,0.6,0.1,0.6,0.6,-2.9,21-22
201145,10.3,3.7,7.1,0.524,0.7,2.2,0.315,2.2,2.6,0.833,0.5,2.5,3.1,1.3,0.4,0.4,0.9,2.0,0.8,21-22
1629203,2.0,1.0,1.5,0.667,0.0,0.0,0.0,0.0,0.0,0.0,1.0,0.5,1.5,0.0,0.5,0.0,0.0,1.0,-6.5,21-22
203924,19.2,6.3,14.9,0.426,1.9,5.4,0.358,4.6,5.5,0.838,0.6,3.5,4.1,2.4,0.9,1.0,1.8,2.3,-4.7,21-22
1630526,7.5,2.7,6.6,0.414,1.2,3.4,0.352,0.8,1.1,0.741,1.5,4.1,5.6,1.0,0.6,0.3,0.8,1.5,-4.9,21-22
203087,7.3,2.4,6.2,0.383,1.0,3.0,0.324,1.6,1.9,0.84,0.5,2.3,2.8,1.4,0.6,0.4,0.7,1.1,0.4,21-22
1630579,2.2,1.0,1.3,0.722,0.0,0.0,0.0,0.3,0.7,0.414,1.5,2.6,4.1,0.5,0.3,0.5,0.5,1.6,1.9,21-22
1628975,4.2,1.5,3.8,0.387,1.0,2.6,0.388,0.2,0.3,0.833,0.2,1.5,1.7,1.5,0.4,0.2,0.5,1.0,-0.8,21-22
202710,21.4,7.0,14.5,0.48,0.5,2.0,0.233,6.9,8.0,0.87,1.8,4.1,5.9,5.5,1.6,0.5,2.1,1.5,4.3,21-22
1629111,4.9,1.9,3.8,0.495,0.5,1.6,0.326,0.6,0.8,0.829,1.2,1.4,2.6,0.8,0.2,0.3,0.6,1.0,-0.3,21-22
203925,11.3,4.0,8.9,0.452,2.9,6.3,0.466,0.4,0.4,0.833,0.4,3.6,4.0,1.0,0.5,0.1,1.1,2.2,1.1,21-22
204060,7.2,2.6,6.3,0.404,1.7,5.0,0.347,0.4,0.5,0.773,0.3,2.6,2.9,3.5,0.5,0.1,1.0,1.8,4.1,21-22
2207,2.0,1.0,1.0,1.0,0.0,0.0,0.0,0.0,0.0,0.0,0.0,0.0,0.0,0.0,0.0,0.0,0.0,0.0,-5.0,21-22
1630580,2.1,0.7,1.9,0.357,0.5,1.5,0.326,0.2,0.4,0.538,0.1,0.3,0.5,0.3,0.1,0.1,0.1,0.5,0.0,21-22
1630555,0.3,0.1,0.9,0.167,0.0,0.1,0.0,0.0,0.0,0.0,0.1,0.3,0.4,0.6,0.0,0.0,0.0,0.0,0.4,21-22
203954,30.6,9.8,19.6,0.499,1.4,3.7,0.371,9.6,11.8,0.814,2.1,9.6,11.7,4.2,1.1,1.5,3.1,2.7,5.4,21-22
1628381,16.2,6.3,11.9,0.526,1.2,3.3,0.364,2.5,3.1,0.793,1.7,6.1,7.8,1.8,0.6,1.0,1.1,3.0,0.7,21-22
1629723,4.8,1.9,3.6,0.515,0.7,1.8,0.413,0.4,0.7,0.551,1.2,3.4,4.6,1.5,0.6,0.3,0.4,1.3,1.3,21-22
1630257,0.0,0.0,0.3,0.0,0.0,0.0,0.0,0.0,0.7,0.0,0.0,0.7,0.7,0.3,0.3,0.0,0.0,0.3,-1.0,21-22
202685,17.8,6.9,12.7,0.544,0.8,2.1,0.361,3.2,3.9,0.82,3.1,8.3,11.4,2.6,0.6,0.8,2.4,3.3,0.9,21-22
1630228,9.3,3.4,6.6,0.513,0.7,2.1,0.336,1.9,2.7,0.684,0.8,2.6,3.3,0.9,0.4,0.3,1.1,2.1,0.5,21-22
1628395,0.0,0.0,0.0,0.0,0.0,0.0,0.0,0.0,0.0,0.0,1.0,0.0,1.0,0.0,1.0,0.0,0.0,2.0,1.0,21-22
203903,16.0,5.9,14.1,0.419,2.4,7.6,0.318,1.8,2.2,0.828,0.8,2.6,3.5,2.5,0.8,0.2,1.6,1.9,4.8,21-22
1630692,0.0,0.0,1.5,0.0,0.0,0.5,0.0,0.0,0.0,0.0,0.0,0.5,0.5,0.0,0.0,0.0,0.0,0.5,-4.0,21-22
1629162,3.8,1.4,3.2,0.44,0.4,1.4,0.318,0.5,0.6,0.75,0.4,1.2,1.5,2.9,0.9,0.2,0.6,0.9,0.6,21-22
1629670,7.9,3.0,7.5,0.403,1.3,3.7,0.348,0.6,0.7,0.837,0.6,3.0,3.6,1.0,0.4,0.3,0.9,1.3,-1.2,21-22
1629673,18.5,6.2,13.9,0.448,2.8,7.6,0.364,3.2,3.5,0.925,0.4,3.0,3.4,4.0,0.8,0.3,2.5,2.7,4.3,21-22
1630648,1.3,0.3,2.8,0.091,0.3,1.5,0.167,0.5,0.5,1.0,0.5,1.5,2.0,0.0,0.3,0.0,0.3,0.0,0.5,21-22
1630631,6.1,2.4,5.4,0.446,0.6,2.0,0.291,0.7,1.0,0.679,0.5,1.4,1.9,2.8,1.3,0.1,0.7,1.4,2.6,21-22
1630528,7.9,3.0,6.8,0.448,0.8,2.6,0.296,1.1,1.5,0.735,0.7,1.8,2.5,2.0,0.9,0.2,1.5,1.3,-3.7,21-22
1630581,12.5,5.2,12.4,0.419,1.0,3.9,0.263,1.0,1.5,0.709,1.8,6.0,7.8,6.4,0.9,0.4,3.2,1.6,-5.5,21-22
1630182,4.8,1.9,3.8,0.508,0.4,1.2,0.359,0.5,0.7,0.689,0.8,1.6,2.4,1.2,0.7,0.2,0.7,1.7,1.0,21-22
1628404,14.9,5.3,10.5,0.504,1.4,3.9,0.343,3.0,3.9,0.758,1.1,6.0,7.2,4.1,1.1,0.2,2.1,2.8,-3.7,21-22
1628367,6.4,2.4,5.9,0.4,0.6,2.5,0.254,1.1,1.5,0.714,0.4,2.4,2.8,1.1,0.5,0.4,0.9,1.7,-3.1,21-22
1629006,2.7,0.9,2.1,0.404,0.3,1.0,0.298,0.7,1.0,0.686,0.6,0.8,1.4,0.5,0.5,0.2,0.5,1.1,0.8,21-22
1626196,10.2,3.6,8.2,0.438,1.6,3.8,0.415,1.5,1.7,0.889,0.6,2.2,2.8,1.8,0.9,0.4,1.0,1.8,2.1,21-22
1630563,5.8,2.0,5.4,0.374,0.8,2.7,0.307,0.9,1.2,0.746,0.6,1.6,2.3,1.6,0.4,0.5,1.1,1.6,-1.6,21-22
201950,18.3,7.1,14.2,0.501,2.0,4.8,0.411,2.0,2.7,0.761,1.0,3.5,4.5,6.8,1.6,0.4,2.7,2.0,6.4,21-22
1629308,4.1,1.6,3.2,0.489,0.4,1.2,0.322,0.5,1.0,0.571,0.4,2.0,2.4,1.7,0.7,0.2,0.9,1.6,0.6,21-22
1627823,3.3,1.1,2.7,0.415,0.6,1.7,0.348,0.5,0.9,0.559,0.7,1.8,2.5,0.5,0.4,0.3,0.4,0.6,-0.1,21-22
203944,20.1,7.1,17.3,0.411,1.7,5.4,0.308,4.2,5.6,0.756,1.7,8.2,9.9,5.1,0.7,0.5,3.4,2.8,-2.3,21-22
1626147,6.4,2.3,5.9,0.379,0.9,3.7,0.254,0.9,1.2,0.789,0.3,2.6,2.9,2.1,0.5,0.4,0.5,1.4,-0.9,21-22
1630551,2.3,0.9,1.9,0.463,0.3,0.8,0.357,0.3,0.3,1.0,1.0,1.0,2.0,0.3,0.2,0.1,0.2,0.9,1.4,21-22
203200,10.1,3.5,8.9,0.394,2.4,6.5,0.367,0.7,0.8,0.806,0.4,2.2,2.6,1.7,0.8,0.4,0.9,2.1,-2.8,21-22
1628382,2.1,0.7,2.1,0.333,0.4,1.3,0.333,0.3,0.3,1.0,0.1,0.9,1.0,0.3,0.0,0.0,0.1,0.4,-1.9,21-22
1629620,3.1,1.1,3.7,0.301,0.7,2.4,0.295,0.2,0.3,0.5,0.2,0.7,0.8,1.3,0.4,0.0,0.7,1.1,-4.9,21-22
1626159,5.7,2.3,5.4,0.428,0.3,1.4,0.227,0.8,1.4,0.591,1.0,3.2,4.2,1.8,0.7,0.5,1.0,1.4,0.6,21-22
203994,15.0,5.7,10.7,0.535,0.3,1.0,0.268,3.3,4.8,0.69,3.0,8.1,11.1,2.8,1.1,0.6,2.6,3.4,0.2,21-22
1629752,2.5,1.0,1.5,0.667,0.5,1.0,0.5,0.0,0.0,0.0,1.0,1.0,2.0,0.5,0.0,0.0,0.0,1.5,-8.5,21-22
1630231,8.8,3.5,6.6,0.533,0.8,2.1,0.357,1.0,1.6,0.634,1.0,2.7,3.8,1.3,0.4,0.5,0.8,1.4,-3.0,21-22
1629644,3.7,1.4,3.3,0.435,0.4,1.2,0.346,0.4,0.5,0.727,0.5,1.4,2.0,0.7,0.2,0.3,0.2,1.2,0.3,21-22
1630539,1.0,0.4,0.7,0.643,0.0,0.1,0.5,0.1,0.4,0.375,0.1,0.4,0.5,0.2,0.0,0.1,0.3,0.4,-0.7,21-22
1626157,24.6,8.7,16.4,0.529,2.0,4.9,0.41,5.2,6.3,0.822,2.6,7.2,9.8,3.6,1.0,1.1,3.1,3.6,3.7,21-22
1626208,5.6,2.2,5.9,0.363,0.8,2.8,0.3,0.5,0.5,0.882,0.3,1.2,1.4,1.9,0.4,0.1,1.0,1.6,-2.2,21-22
1628966,5.7,2.3,4.5,0.517,0.3,0.9,0.309,0.8,1.0,0.754,1.1,2.9,3.9,0.7,0.5,0.2,0.8,1.0,0.1,21-22
1629103,5.7,2.3,5.7,0.409,0.7,2.5,0.293,0.3,0.4,0.692,0.6,1.3,1.8,0.7,0.4,0.3,0.5,1.2,-1.8,21-22
1629640,17.0,6.3,13.5,0.466,2.1,5.3,0.398,2.4,3.1,0.756,1.1,5.0,6.1,2.1,0.8,0.2,1.2,2.0,1.0,21-22
1629833,3.1,1.1,3.6,0.306,0.7,2.3,0.292,0.2,0.4,0.545,0.5,0.9,1.5,0.6,0.4,0.0,0.5,0.9,-6.7,21-22
203482,9.1,3.2,7.2,0.448,1.0,3.0,0.336,1.7,2.2,0.775,1.4,3.1,4.4,2.8,0.8,0.5,1.5,2.5,-1.8,21-22
1626162,15.0,5.4,12.3,0.44,2.5,7.3,0.345,1.7,2.5,0.667,1.0,2.9,4.0,1.1,1.0,0.4,0.9,2.5,-0.3,21-22
202689,11.6,4.0,10.0,0.403,2.0,5.4,0.367,1.6,1.9,0.845,0.4,2.6,3.0,3.5,0.7,0.2,1.3,1.0,-4.9,21-22
1629026,7.4,3.0,6.5,0.461,0.8,2.5,0.339,0.6,1.1,0.545,1.5,3.0,4.5,2.2,0.9,0.2,0.9,1.7,0.5,21-22
203145,3.4,1.2,3.6,0.324,0.7,2.1,0.363,0.3,0.4,0.765,0.3,1.4,1.8,0.9,0.6,0.2,0.5,1.8,-3.0,21-22
203484,13.2,4.7,10.8,0.435,2.1,5.3,0.39,1.8,2.0,0.89,0.5,2.9,3.4,1.9,1.1,0.3,1.3,1.8,-3.0,21-22
1630553,7.2,2.6,7.4,0.353,0.9,2.7,0.34,1.1,1.4,0.804,0.6,1.5,2.2,2.1,0.8,0.3,1.2,1.9,-7.8,21-22
1630556,5.9,2.3,5.6,0.412,1.0,2.8,0.353,0.3,0.4,0.842,0.9,2.7,3.6,0.6,0.6,0.5,0.9,1.8,-1.3,21-22
201142,29.9,10.5,20.3,0.518,2.1,5.5,0.383,6.8,7.4,0.91,0.5,6.9,7.4,6.4,0.9,0.9,3.5,2.1,4.9,21-22
1628989,12.1,4.7,10.3,0.454,2.2,5.6,0.389,0.6,0.7,0.808,0.4,3.0,3.4,2.7,0.7,0.4,1.2,2.5,2.3,21-22
1628995,3.1,1.0,2.8,0.365,0.5,1.8,0.278,0.5,0.7,0.727,0.5,1.0,1.5,0.3,0.1,0.1,0.2,0.6,-2.3,21-22
201567,13.6,4.4,10.3,0.43,2.5,6.4,0.392,2.2,2.7,0.838,1.2,6.1,7.2,2.2,0.4,0.2,1.3,1.4,1.3,21-22
1630698,1.6,0.6,1.9,0.326,0.3,1.1,0.231,0.1,0.2,0.75,0.1,0.4,0.5,1.3,0.1,0.0,0.3,0.5,-1.5,21-22
1629645,15.6,5.5,13.2,0.415,2.5,6.8,0.375,2.0,3.2,0.642,0.7,3.7,4.4,6.2,1.1,0.4,3.1,2.6,-4.6,21-22
1626172,6.0,2.5,4.4,0.571,0.0,0.0,0.0,0.9,1.5,0.6,2.5,4.7,7.3,2.0,0.6,0.6,0.8,2.6,2.0,21-22
203920,4.5,1.8,3.6,0.485,0.0,0.3,0.0,1.0,1.3,0.746,2.2,2.1,4.3,1.0,0.5,0.5,0.5,1.9,0.4,21-22
203114,20.1,6.8,15.5,0.443,2.5,6.6,0.373,3.9,4.4,0.89,0.6,4.8,5.4,5.4,1.2,0.3,2.9,2.4,4.6,21-22
1630165,6.9,2.7,7.0,0.383,0.7,2.5,0.263,0.9,1.1,0.77,0.5,2.6,3.2,4.2,1.2,0.5,1.7,2.8,-5.6,21-22
1629681,3.3,1.2,3.5,0.339,0.8,2.4,0.314,0.1,0.2,0.625,0.6,1.1,1.7,0.6,0.6,0.4,0.4,1.6,0.8,21-22
1630184,5.9,2.5,6.1,0.404,0.5,2.4,0.224,0.4,0.5,0.833,0.4,1.3,1.6,2.0,0.5,0.0,1.1,0.7,-4.5,21-22
202691,20.4,7.7,17.9,0.429,3.6,9.3,0.385,1.4,1.6,0.902,0.5,3.4,3.9,2.8,0.5,0.5,1.3,1.7,2.1,21-22
1627739,7.6,3.1,7.3,0.431,0.1,0.8,0.091,1.2,1.3,0.944,0.6,2.9,3.5,5.6,1.6,0.2,2.3,2.7,-6.6,21-22
204001,20.2,6.9,15.0,0.459,1.5,4.9,0.31,4.9,5.6,0.867,2.0,6.1,8.1,2.3,0.7,1.6,1.6,2.7,0.6,21-22
203937,7.6,3.0,6.8,0.446,0.5,1.6,0.33,1.0,1.5,0.638,1.0,4.3,5.3,2.7,1.1,0.7,1.0,1.6,0.9,21-22
1629657,3.9,1.4,3.4,0.4,0.7,2.1,0.35,0.4,0.6,0.667,0.2,0.7,0.9,0.9,0.4,0.1,0.7,0.6,-2.5,21-22
1628398,17.1,6.4,14.2,0.452,1.9,5.7,0.341,2.4,3.3,0.712,1.1,7.4,8.5,3.5,0.6,0.9,2.6,1.9,-4.3,21-22
200768,13.4,4.4,10.0,0.44,2.3,6.1,0.377,2.3,2.8,0.851,0.5,4.0,4.5,7.5,1.1,0.3,2.7,2.8,4.0,21-22
202681,27.4,10.0,21.2,0.469,3.4,8.2,0.418,4.1,4.4,0.915,0.6,3.8,4.4,5.8,1.4,0.6,2.5,2.8,4.2,21-22
200746,12.9,5.4,9.7,0.55,0.3,1.0,0.304,1.9,2.2,0.873,1.6,3.9,5.5,0.9,0.3,1.0,0.9,1.7,0.4,21-22
1630163,20.1,7.2,16.7,0.429,2.9,7.5,0.389,2.8,3.2,0.872,1.4,5.2,6.7,7.6,1.6,0.4,3.3,3.2,1.3,21-22
1630205,6.1,2.5,5.1,0.489,0.3,1.0,0.277,0.8,1.2,0.707,0.7,1.9,2.6,0.7,0.5,0.3,0.7,1.7,-0.6,21-22
202362,8.3,3.2,7.0,0.455,0.6,2.0,0.3,1.4,1.7,0.788,0.3,2.5,2.8,3.6,0.5,0.1,1.6,2.1,-2.5,21-22
1629013,8.3,2.8,7.0,0.394,1.8,4.8,0.368,1.0,1.2,0.84,0.2,1.6,1.8,1.6,0.4,0.1,0.6,1.3,2.0,21-22
204038,2.0,0.9,3.7,0.231,0.3,2.3,0.125,0.0,0.0,0.0,0.4,2.1,2.6,1.7,0.1,0.0,0.9,1.0,-1.7,21-22
1626204,7.0,2.8,5.4,0.522,0.5,1.5,0.329,0.9,1.2,0.702,1.6,3.8,5.4,1.8,0.9,0.4,0.8,1.8,-1.3,21-22
1628374,14.8,5.1,11.5,0.445,2.2,6.2,0.358,2.3,2.6,0.868,1.0,4.7,5.7,1.3,0.7,0.5,0.9,2.1,2.8,21-22
2544,30.3,11.4,21.8,0.524,2.9,8.0,0.359,4.5,6.0,0.756,1.1,7.1,8.2,6.2,1.3,1.1,3.5,2.2,-2.1,21-22
1630195,1.4,0.5,1.5,0.315,0.1,0.5,0.278,0.3,0.4,0.846,0.5,0.8,1.2,0.6,0.2,0.0,0.4,0.7,0.1,21-22
1629623,4.2,1.4,3.2,0.426,0.5,1.4,0.346,1.0,1.8,0.543,0.2,1.2,1.3,1.2,0.3,0.1,0.6,0.9,-2.5,21-22
1630322,8.0,2.8,7.0,0.406,2.1,5.8,0.363,0.2,0.2,0.8,0.2,2.7,2.9,1.0,0.8,0.3,0.4,1.2,-1.6,21-22
1629022,12.1,4.4,10.9,0.407,1.6,5.0,0.314,1.7,2.1,0.784,0.3,2.3,2.6,2.2,0.6,0.3,1.0,1.4,-1.1,21-22
1628366,13.0,4.6,10.9,0.423,3.1,7.4,0.423,0.6,0.8,0.75,1.0,4.4,5.4,5.1,1.8,0.9,2.3,2.4,2.3,21-22
101150,6.3,2.2,5.7,0.391,0.7,1.8,0.363,1.2,1.4,0.859,0.3,1.3,1.6,1.9,0.5,0.1,0.8,0.9,0.3,21-22
1629663,4.5,1.5,4.7,0.319,0.8,2.7,0.296,0.7,1.0,0.7,0.0,1.2,1.2,0.9,0.2,0.1,0.0,1.4,-2.9,21-22
1629652,17.2,5.7,14.2,0.404,2.5,7.7,0.332,3.2,3.7,0.843,0.7,3.4,4.2,1.7,0.9,0.4,1.7,2.9,-5.8,21-22
1629029,28.4,9.9,21.6,0.457,3.1,8.8,0.353,5.6,7.5,0.744,0.9,8.3,9.1,8.7,1.2,0.6,4.5,2.2,2.2,21-22
1630568,5.8,2.1,4.6,0.449,0.5,1.5,0.327,1.2,1.9,0.623,1.8,1.3,3.1,0.6,0.3,0.2,0.6,1.7,-2.0,21-22
1628379,11.9,4.1,9.1,0.449,2.7,6.0,0.449,1.0,1.1,0.896,0.3,3.0,3.3,2.1,0.6,0.1,0.9,1.4,2.6,21-22
1628436,2.0,0.9,1.8,0.481,0.0,0.3,0.0,0.3,0.4,0.667,0.9,1.1,1.9,0.6,0.2,0.2,0.0,0.6,1.5,21-22
1630640,0.0,0.0,2.0,0.0,0.0,1.0,0.0,0.0,0.0,0.0,0.0,0.5,0.5,0.5,1.0,0.0,0.0,0.5,-1.5,21-22
1630644,4.0,1.5,3.0,0.5,0.5,1.5,0.333,0.5,0.5,1.0,0.0,1.5,1.5,0.5,0.5,0.5,1.5,2.5,3.5,21-22
1630201,4.3,1.6,4.2,0.393,0.7,2.0,0.333,0.3,0.5,0.625,0.2,1.2,1.4,1.6,0.5,0.1,0.3,1.0,-0.6,21-22
1627763,19.1,6.8,15.1,0.448,1.6,5.2,0.312,4.0,4.6,0.856,0.9,4.2,5.1,5.9,0.8,0.4,2.1,2.0,0.0,21-22
1630792,3.8,1.3,2.7,0.462,0.7,1.9,0.361,0.6,0.7,0.786,0.6,1.3,1.8,0.4,0.4,0.2,0.2,1.3,-1.6,21-22
1627736,12.1,4.2,10.8,0.391,3.0,8.1,0.377,0.6,0.8,0.817,0.3,2.5,2.9,1.5,0.5,0.2,0.5,1.1,1.0,21-22
1630238,1.4,0.5,1.3,0.421,0.3,0.7,0.5,0.0,0.0,0.0,0.1,1.0,1.1,0.3,0.0,0.0,0.1,0.3,-1.3,21-22
1628370,13.8,5.1,10.9,0.473,2.3,5.8,0.391,1.2,1.5,0.795,0.5,2.9,3.4,2.9,0.8,0.4,1.6,1.8,0.7,21-22
1629005,8.0,3.0,5.0,0.6,0.0,1.0,0.0,2.0,2.0,1.0,0.0,1.0,1.0,1.0,0.0,0.0,1.0,0.0,1.0,21-22
1629603,4.3,1.9,3.6,0.532,0.0,0.4,0.0,0.5,0.8,0.545,1.3,3.2,4.5,0.2,0.4,0.7,0.5,2.5,-1.1,21-22
1630585,1.1,0.4,1.8,0.238,0.1,0.3,0.25,0.2,0.4,0.4,0.8,1.2,1.9,0.6,0.4,0.3,0.2,1.3,1.4,21-22
202694,15.4,5.6,12.8,0.434,1.9,5.1,0.367,2.4,2.7,0.872,0.5,3.9,4.4,2.1,0.5,0.3,1.3,2.1,-2.6,21-22
203935,12.1,4.2,10.1,0.418,1.7,5.1,0.331,2.0,2.5,0.793,0.6,3.2,3.8,5.9,1.7,0.3,2.2,2.3,6.2,21-22
1628365,10.8,4.6,9.7,0.474,0.2,0.9,0.235,1.4,1.7,0.806,0.2,2.5,2.7,5.5,1.1,0.3,2.2,1.2,-2.1,21-22
202693,7.6,3.2,6.7,0.474,0.8,2.3,0.333,0.5,0.5,0.889,1.0,1.6,2.6,1.4,0.4,0.1,1.2,1.9,1.1,21-22
1630250,1.9,0.4,1.7,0.267,0.1,0.6,0.2,0.9,1.2,0.727,0.6,0.6,1.1,0.0,0.1,0.1,0.2,0.7,0.3,21-22
1630210,4.1,1.3,3.3,0.386,0.9,2.3,0.4,0.6,0.7,0.87,0.1,0.3,0.4,0.2,0.3,0.0,0.2,0.5,-0.4,21-22
1627737,4.5,1.8,3.9,0.463,0.2,0.7,0.32,0.6,1.0,0.667,1.0,2.1,3.0,0.5,0.4,0.4,0.5,1.9,-0.3,21-22
1628963,11.3,4.7,9.3,0.504,0.5,2.0,0.237,1.4,2.1,0.663,2.2,4.9,7.0,0.8,0.5,0.4,0.8,1.9,-2.8,21-22
1630222,6.8,1.8,3.8,0.467,0.3,1.0,0.25,3.0,3.8,0.8,0.3,2.3,2.5,1.0,0.5,0.0,0.3,2.0,5.8,21-22
203486,6.5,2.8,4.4,0.641,0.0,0.0,0.0,0.9,2.3,0.392,2.4,5.3,7.7,3.1,0.8,0.7,1.4,3.1,0.1,21-22
1629680,5.7,2.3,4.5,0.5,0.7,2.2,0.313,0.5,0.7,0.791,0.6,1.7,2.3,1.1,1.7,1.1,0.6,2.4,1.3,21-22
1629760,0.0,0.0,1.0,0.0,0.0,1.0,0.0,0.0,0.0,0.0,0.0,0.0,0.0,0.0,1.0,0.0,1.0,0.0,-5.0,21-22
1630346,3.0,1.0,5.0,0.2,1.0,5.0,0.2,0.0,0.0,0.0,0.0,0.0,0.0,0.0,1.0,0.0,0.0,0.0,3.0,21-22
1629744,4.0,1.4,3.4,0.41,0.9,2.3,0.385,0.4,0.5,0.8,0.1,1.2,1.3,0.5,0.2,0.1,0.2,0.5,0.8,21-22
203090,4.6,1.8,3.9,0.459,0.7,2.1,0.307,0.4,0.6,0.714,0.3,2.1,2.4,0.5,0.6,0.5,0.7,1.6,-1.9,21-22
1629622,10.6,3.7,8.3,0.441,2.7,6.5,0.41,0.6,0.8,0.792,0.4,2.6,3.0,1.4,0.4,0.2,0.8,1.7,2.5,21-22
1628467,7.0,2.4,6.0,0.398,1.4,4.3,0.325,0.8,1.1,0.708,1.2,4.7,5.9,1.2,0.5,1.0,0.8,2.3,2.0,21-22
1630593,1.0,0.4,0.6,0.667,0.2,0.4,0.5,0.0,0.0,0.0,0.0,0.0,0.0,0.6,0.0,0.0,0.2,0.2,-1.4,21-22
1628982,10.7,4.3,16.0,0.271,0.3,7.0,0.048,1.7,2.3,0.714,1.7,2.7,4.3,0.3,0.3,0.0,1.0,2.7,-30.7,21-22
1630695,4.0,1.7,3.7,0.455,0.0,0.7,0.0,0.7,0.7,1.0,1.3,1.7,3.0,0.0,0.3,0.3,0.3,1.3,-13.3,21-22
1629008,9.9,4.1,11.4,0.359,1.1,5.3,0.208,0.6,1.0,0.556,1.0,5.6,6.6,1.9,1.1,0.2,1.3,1.8,6.4,21-22
1628969,14.2,5.6,10.5,0.534,1.4,3.8,0.369,1.6,1.9,0.834,0.9,3.3,4.2,2.3,1.2,0.4,0.8,1.8,7.0,21-22
201144,13.7,4.8,11.0,0.435,2.3,5.8,0.408,1.8,2.3,0.796,0.7,2.4,3.0,5.3,1.3,0.3,1.7,2.0,4.8,21-22
203488,8.0,2.6,5.8,0.456,1.6,3.8,0.429,1.1,1.3,0.842,0.5,2.5,3.0,0.5,0.4,0.6,0.3,1.3,0.5,21-22
1628970,20.2,7.5,15.2,0.491,1.9,5.8,0.331,3.3,4.2,0.802,1.1,5.9,7.0,3.8,0.9,0.8,1.9,2.4,1.8,21-22
1630540,2.2,0.8,2.7,0.296,0.4,1.7,0.25,0.2,0.3,0.667,0.1,1.0,1.1,1.0,0.4,0.0,0.1,1.1,2.5,21-22
1629011,8.5,3.6,4.8,0.761,0.0,0.0,0.0,1.2,2.5,0.486,4.1,4.5,8.6,0.5,0.8,1.8,0.8,2.7,-1.1,21-22
1629671,0.3,0.1,0.6,0.222,0.1,0.5,0.125,0.0,0.1,0.0,0.1,0.4,0.4,0.3,0.0,0.0,0.1,0.4,-2.0,21-22
1628964,10.6,4.2,8.7,0.48,1.5,4.0,0.381,0.8,1.0,0.781,2.1,6.0,8.1,1.2,0.5,1.7,1.1,2.6,-5.3,21-22
1628420,12.6,5.0,10.3,0.484,1.7,4.2,0.395,1.0,1.1,0.869,0.4,2.7,3.0,4.4,0.7,0.2,1.0,1.2,3.8,21-22
1626149,13.1,5.0,7.8,0.645,0.1,0.2,0.235,3.0,4.2,0.716,2.1,4.0,6.1,2.0,0.4,0.6,1.0,1.9,1.2,21-22
1629021,9.0,3.1,6.3,0.497,1.0,3.2,0.328,1.7,2.0,0.806,0.7,3.0,3.7,1.4,0.3,0.2,0.9,2.0,-2.4,21-22
1629650,4.3,1.6,2.7,0.593,0.0,0.0,0.0,1.1,1.8,0.597,1.0,2.4,3.4,0.0,0.2,0.4,0.5,1.3,-1.2,21-22
1630541,4.4,1.5,3.5,0.437,0.8,2.1,0.364,0.5,0.7,0.778,0.3,1.2,1.5,0.4,0.1,0.2,0.3,0.8,-0.8,21-22
1630589,1.3,0.3,1.0,0.25,0.0,0.3,0.0,0.8,0.8,1.0,0.3,0.5,0.8,0.5,0.0,0.3,0.0,0.0,-1.8,21-22
1628539,4.1,1.4,4.5,0.312,1.0,3.2,0.315,0.2,0.2,1.0,0.1,1.3,1.4,0.3,0.2,0.1,0.5,0.8,-3.2,21-22
1629619,1.2,0.5,1.5,0.294,0.1,0.5,0.167,0.2,0.2,1.0,0.1,0.5,0.5,0.3,0.1,0.0,0.3,0.7,-1.6,21-22
1626167,12.9,4.8,9.4,0.509,1.5,4.4,0.333,1.9,2.5,0.752,1.5,5.5,7.1,1.0,0.7,2.8,1.3,2.8,-0.3,21-22
1630230,5.7,2.0,4.9,0.405,0.4,1.9,0.2,1.3,1.7,0.796,0.7,1.9,2.6,1.1,0.6,0.1,0.8,1.3,-0.9,21-22
1629642,9.8,3.5,7.5,0.46,1.2,3.7,0.331,1.6,2.2,0.734,1.4,4.2,5.6,1.3,0.6,0.9,1.0,2.0,-0.5,21-22
1630207,0.0,0.0,0.5,0.0,0.0,0.0,0.0,0.0,0.0,0.0,0.0,0.0,0.0,0.0,0.0,0.0,0.5,0.0,2.0,21-22
1630233,3.7,1.2,2.4,0.511,0.1,0.4,0.308,1.2,1.6,0.733,0.9,1.4,2.3,0.6,0.2,0.2,0.5,1.1,0.6,21-22
1629675,8.3,3.0,6.2,0.489,0.7,2.2,0.343,1.5,1.9,0.765,1.3,2.6,3.9,0.9,0.5,0.9,1.1,2.2,-1.2,21-22
1629674,3.0,1.1,2.5,0.447,0.0,0.0,0.0,0.7,1.1,0.647,0.9,1.1,2.1,0.4,0.1,0.5,0.4,1.2,-0.5,21-22
202357,6.1,2.3,4.8,0.468,0.8,2.1,0.362,0.8,1.1,0.728,0.9,3.3,4.1,2.2,0.6,0.4,1.2,1.8,1.8,21-22
203457,3.4,1.3,2.4,0.533,0.0,0.1,0.0,0.8,1.2,0.7,1.9,3.7,5.6,0.9,1.2,1.2,0.8,2.7,-2.7,21-22
1629651,8.7,3.8,5.6,0.674,0.0,0.0,0.0,1.1,2.0,0.581,1.9,3.7,5.6,0.9,0.5,1.1,0.8,2.3,-0.6,21-22
1630208,3.0,1.2,1.8,0.667,0.0,0.0,0.0,0.6,0.9,0.698,0.7,1.0,1.7,0.3,0.2,0.4,0.5,1.0,-2.2,21-22
1629638,10.6,3.9,10.5,0.372,1.6,5.2,0.311,1.2,1.7,0.743,0.6,2.3,2.9,2.4,0.7,0.4,1.4,1.6,-1.7,21-22
201587,8.3,3.0,6.6,0.463,1.8,4.6,0.4,0.4,0.6,0.658,0.5,3.8,4.3,1.7,1.0,0.7,0.7,1.4,-2.2,21-22
203917,2.3,0.6,1.8,0.357,0.5,1.3,0.4,0.5,0.8,0.667,0.1,0.3,0.4,0.3,0.0,0.0,0.1,0.1,2.3,21-22
203999,27.1,10.3,17.7,0.583,1.3,3.9,0.337,5.1,6.3,0.81,2.8,11.0,13.8,7.9,1.5,0.9,3.8,2.6,6.0,21-22
202696,17.6,7.5,15.8,0.473,1.4,4.5,0.314,1.3,1.7,0.76,1.9,9.1,11.0,3.2,1.0,1.0,1.9,2.5,-0.7,21-22
1626181,19.0,6.2,13.4,0.461,2.4,5.6,0.419,4.2,5.2,0.811,0.4,2.8,3.2,2.1,0.9,0.5,1.5,2.4,-4.9,21-22
203658,2.0,1.0,1.7,0.6,0.0,0.0,0.0,0.0,0.0,0.0,1.0,1.0,2.0,0.0,0.0,0.3,0.7,0.3,-6.3,21-22
1628384,17.1,6.4,14.5,0.443,2.4,6.6,0.363,1.9,2.5,0.754,1.5,4.0,5.5,2.6,1.5,0.5,1.7,2.7,2.8,21-22
1630167,9.0,3.5,6.6,0.531,0.7,2.3,0.308,1.3,1.7,0.758,1.0,2.8,3.7,1.1,0.3,0.5,0.8,1.4,2.3,21-22
1630846,7.0,2.6,4.6,0.574,0.6,1.3,0.448,1.1,1.3,0.828,1.5,2.7,4.2,0.9,0.3,0.7,1.0,2.4,-1.3,21-22
1630209,5.3,2.3,4.4,0.526,0.0,0.2,0.091,0.7,1.1,0.623,1.5,3.7,5.3,0.9,0.3,0.4,0.7,1.5,1.1,21-22
1630168,8.2,3.3,4.7,0.69,0.0,0.0,0.0,1.7,2.3,0.727,2.4,3.5,5.9,1.1,0.6,1.3,0.9,3.1,2.3,21-22
1629052,9.1,3.1,7.6,0.411,1.2,3.5,0.35,1.7,2.4,0.695,1.6,3.7,5.3,1.1,0.7,0.4,0.8,1.7,-3.3,21-22
203490,8.2,3.1,6.6,0.464,1.3,3.4,0.37,0.8,1.0,0.803,1.4,4.4,5.7,1.5,1.1,0.5,0.6,1.3,3.7,21-22
200782,7.6,2.9,6.0,0.484,1.1,2.7,0.415,0.6,0.9,0.738,1.4,4.0,5.5,2.1,0.8,0.2,0.9,2.3,3.2,21-22
1629023,10.3,3.8,8.2,0.47,1.7,4.6,0.365,0.9,1.2,0.716,1.3,3.9,5.2,2.3,0.9,0.9,1.3,2.3,2.2,21-22
1628408,5.4,2.0,5.5,0.364,0.8,2.7,0.313,0.6,0.7,0.769,0.8,2.7,3.5,1.6,0.6,0.3,0.7,1.8,-5.0,21-22
1628238,3.0,1.0,3.0,0.333,0.0,1.0,0.0,1.0,1.0,1.0,1.0,1.0,2.0,0.0,0.5,0.0,1.0,1.0,1.0,21-22
1627783,22.8,8.8,17.8,0.494,1.1,3.2,0.344,4.2,5.6,0.749,1.9,6.6,8.5,5.3,1.3,0.6,2.7,3.3,3.8,21-22
1626192,9.9,3.5,7.6,0.458,2.2,5.7,0.395,0.7,0.8,0.833,0.7,3.5,4.2,1.3,0.9,0.2,0.5,1.3,-0.4,21-22
201976,9.2,3.1,7.5,0.406,1.4,4.2,0.343,1.7,2.3,0.722,1.1,3.1,4.1,4.6,1.2,0.9,1.3,3.0,1.9,21-22
1630172,9.0,3.2,6.0,0.529,0.9,1.7,0.517,1.8,2.4,0.732,1.0,3.1,4.1,0.9,0.5,0.5,0.9,1.6,-3.3,21-22
201988,11.4,4.0,9.8,0.408,2.8,7.0,0.4,0.6,0.7,0.814,0.2,1.7,1.9,2.3,0.6,0.2,0.9,1.4,1.4,21-22
202331,24.3,8.6,20.5,0.421,2.9,8.3,0.354,4.1,4.8,0.858,0.4,6.5,6.9,5.7,2.2,0.4,4.1,2.4,3.0,21-22
200794,3.5,1.4,3.5,0.391,0.2,1.1,0.229,0.5,0.7,0.708,1.2,2.2,3.5,0.9,0.3,0.4,0.6,2.0,-0.7,21-22
1630194,3.1,1.4,2.5,0.563,0.1,0.2,0.25,0.2,0.4,0.429,1.2,1.3,2.4,0.4,0.9,0.4,0.3,1.5,-1.1,21-22
1628778,3.4,1.3,3.9,0.343,0.7,2.9,0.231,0.1,0.2,0.5,0.3,2.7,3.0,0.9,0.3,0.3,0.4,1.1,-6.2,21-22
1630202,6.2,2.3,5.3,0.429,1.4,3.5,0.412,0.3,0.3,1.0,0.5,1.4,1.9,2.0,0.4,0.1,0.6,0.9,0.9,21-22
1627822,1.1,0.4,1.2,0.333,0.1,0.6,0.125,0.2,0.3,0.75,0.5,0.5,1.1,0.2,0.1,0.1,0.3,0.5,0.6,21-22
1630173,9.1,3.6,8.3,0.439,0.8,2.1,0.359,1.1,1.8,0.595,2.0,4.5,6.5,1.1,0.5,0.6,1.2,2.1,1.0,21-22
1629656,6.0,2.1,5.1,0.404,1.6,4.1,0.381,0.3,0.4,0.684,0.5,1.5,2.0,1.0,0.7,0.2,0.6,1.6,-1.2,21-22
1629683,2.7,1.1,1.9,0.571,0.1,0.5,0.2,0.5,0.5,1.0,0.2,1.1,1.3,0.5,0.1,0.1,0.3,1.4,-0.9,21-22
1630181,7.6,2.7,7.1,0.383,1.0,2.9,0.35,1.2,1.8,0.641,0.4,2.7,3.0,2.5,0.7,0.2,1.4,1.6,-6.5,21-22
1629628,20.0,7.0,17.1,0.408,2.0,5.8,0.342,4.1,5.8,0.714,0.9,4.9,5.8,3.0,0.6,0.2,2.2,2.0,-2.1,21-22
200765,4.8,1.7,4.5,0.386,0.8,2.3,0.352,0.5,0.7,0.731,0.4,2.4,2.8,4.4,0.8,0.2,1.7,1.4,-2.8,21-22
203526,7.5,2.9,6.3,0.463,0.5,1.7,0.292,1.2,1.5,0.769,0.2,1.7,1.9,3.1,0.8,0.0,1.1,1.5,-1.2,21-22
1629730,4.2,1.2,1.8,0.667,0.8,1.0,0.8,1.0,1.4,0.714,0.6,1.0,1.6,2.0,0.8,0.0,0.2,1.0,-0.4,21-22
203493,8.6,3.0,7.4,0.401,2.1,5.8,0.36,0.6,0.7,0.833,0.5,3.1,3.5,1.2,0.6,0.2,0.6,1.6,4.0,21-22
202704,16.8,6.4,16.3,0.392,2.2,6.8,0.326,1.8,2.2,0.847,0.5,3.1,3.6,4.8,0.7,0.2,2.3,2.1,-0.9,21-22
1629617,9.2,4.0,7.9,0.506,0.3,1.6,0.188,0.9,1.5,0.6,1.5,3.2,4.7,1.2,0.9,0.6,1.1,3.3,-7.8,21-22
1626158,10.4,4.4,6.7,0.66,0.0,0.1,0.4,1.6,2.0,0.778,2.1,5.0,7.0,1.1,0.4,0.9,1.2,2.8,-3.0,21-22
201937,13.1,4.4,12.1,0.363,1.7,5.1,0.339,2.6,3.0,0.854,0.4,3.7,4.1,6.6,1.4,0.2,2.6,2.2,5.4,21-22
1630306,1.5,0.5,2.0,0.25,0.5,2.0,0.25,0.0,0.0,0.0,0.0,1.5,1.5,0.0,0.0,0.0,0.5,0.0,-7.0,21-22
203496,8.5,2.9,7.0,0.42,1.8,4.8,0.378,0.8,1.0,0.841,0.8,4.7,5.5,1.3,1.5,1.3,1.1,2.7,0.5,21-22
1629057,10.0,4.4,6.0,0.736,0.0,0.0,0.0,1.1,1.5,0.722,3.9,5.7,9.6,2.0,0.9,2.2,1.0,2.2,6.1,21-22
1630218,0.6,0.2,1.3,0.125,0.1,0.3,0.25,0.2,0.2,1.0,0.4,0.5,0.9,0.3,0.1,0.1,0.1,0.3,1.3,21-22
201577,7.1,3.1,5.5,0.553,0.1,0.2,0.333,0.9,1.5,0.593,1.9,1.6,3.5,1.5,0.1,0.5,1.2,1.9,-1.8,21-22
203918,3.1,1.1,3.0,0.369,0.6,1.8,0.33,0.3,0.4,0.895,0.3,1.2,1.5,0.7,0.3,0.1,0.2,0.6,0.2,21-22
203585,5.4,1.9,4.4,0.436,1.1,2.9,0.397,0.4,0.5,0.731,0.6,1.6,2.2,0.9,0.4,0.1,0.5,1.1,-1.1,21-22
1629641,4.5,1.7,4.0,0.435,0.6,1.8,0.341,0.5,0.9,0.548,0.6,1.6,2.3,0.4,0.5,0.3,0.3,1.0,0.1,21-22
1626220,7.4,2.6,5.8,0.457,1.5,4.0,0.389,0.6,0.7,0.804,0.8,3.9,4.8,2.5,1.1,0.4,1.0,2.4,3.0,21-22
1630612,1.1,0.4,1.3,0.333,0.0,0.1,0.0,0.2,0.3,0.75,0.2,0.3,0.5,0.9,0.1,0.0,0.2,0.1,-0.5,21-22
200752,8.1,2.9,6.9,0.414,1.3,3.7,0.345,1.1,1.4,0.785,1.0,3.4,4.4,1.0,0.5,0.3,0.9,1.7,3.3,21-22
203497,15.6,5.5,7.7,0.713,0.0,0.1,0.0,4.6,6.7,0.69,3.7,11.0,14.7,1.1,0.7,2.1,1.8,2.7,6.3,21-22
1629060,11.3,4.5,9.1,0.491,1.3,2.9,0.447,1.1,1.6,0.697,0.6,3.2,3.8,1.1,0.5,0.2,0.8,1.3,-3.0,21-22
201566,18.5,7.0,15.8,0.444,1.0,3.4,0.298,3.4,5.1,0.667,1.4,6.0,7.4,7.1,1.0,0.3,3.8,3.0,-2.7,21-22
1627853,1.6,0.6,1.2,0.5,0.4,0.9,0.444,0.0,0.0,0.0,0.0,0.8,0.8,0.4,0.1,0.0,0.3,0.5,-1.2,21-22
1630240,5.6,1.9,4.8,0.39,0.4,1.6,0.233,1.5,1.9,0.789,0.5,1.9,2.4,2.9,1.0,0.3,1.0,1.2,-2.2,21-22
1630180,16.1,5.5,13.9,0.396,2.6,7.4,0.346,2.6,3.1,0.827,1.3,4.1,5.4,2.8,0.9,0.2,1.2,1.6,-6.1,21-22
1626155,0.0,0.0,0.0,0.0,0.0,0.0,0.0,0.0,0.0,0.0,0.0,0.0,0.0,0.0,0.0,0.0,0.0,0.0,-5.0,21-22
1630573,2.5,0.9,1.9,0.46,0.7,1.7,0.432,0.0,0.0,0.0,0.2,0.9,1.1,0.4,0.0,0.1,0.1,0.3,0.0,21-22
1630241,4.2,1.3,4.0,0.333,1.2,3.8,0.304,0.3,0.7,0.5,0.2,1.0,1.2,0.7,0.0,0.0,0.3,0.5,-1.5,21-22
1630572,3.8,1.4,2.8,0.496,0.5,1.3,0.423,0.4,0.5,0.818,0.9,1.1,2.0,0.5,0.2,0.2,0.4,0.7,-3.5,21-22
1630583,4.1,1.7,4.1,0.402,0.2,1.5,0.125,0.6,1.0,0.625,1.0,1.7,2.7,0.7,0.2,0.3,0.5,1.1,0.5,21-22
1630567,15.3,6.2,12.6,0.492,0.8,2.6,0.301,2.1,2.9,0.735,2.6,4.9,7.5,3.5,1.1,0.7,1.8,2.6,0.9,21-22
1630575,0.5,0.0,0.0,0.0,0.0,0.0,0.0,0.5,1.0,0.5,0.0,0.0,0.0,0.5,0.5,0.0,0.0,0.0,-2.0,21-22
203816,4.0,2.0,4.0,0.5,0.0,1.0,0.0,0.0,0.0,0.0,0.0,1.0,1.0,1.0,0.0,0.0,2.0,1.0,-6.0,21-22
1629635,7.0,2.5,4.0,0.625,0.5,1.0,0.5,1.5,2.0,0.75,1.0,2.0,3.0,0.0,1.5,1.0,1.0,0.5,12.0,21-22
1628400,3.3,1.0,3.3,0.303,0.5,1.7,0.3,0.8,1.0,0.793,0.9,1.6,2.5,0.3,0.2,0.2,0.3,1.0,-4.8,21-22
201586,6.8,2.7,5.5,0.5,0.7,1.8,0.374,0.6,0.8,0.727,1.1,3.5,4.6,0.9,0.2,0.6,0.8,1.9,-1.0,21-22
203552,15.0,5.6,11.5,0.487,2.5,5.8,0.422,1.3,1.5,0.872,0.3,2.8,3.1,3.6,0.8,0.2,1.7,2.3,3.0,21-22
1628983,24.5,8.5,18.8,0.453,1.6,5.3,0.3,5.9,7.2,0.81,0.7,4.3,5.0,5.9,1.3,0.8,2.8,2.5,-4.7,21-22
1629003,8.2,3.1,7.3,0.429,0.8,2.4,0.323,1.1,1.3,0.836,0.5,2.0,2.6,2.5,0.5,0.3,0.8,1.8,-0.5,21-22
1629783,1.0,0.5,2.0,0.25,0.0,1.0,0.0,0.0,0.0,0.0,0.5,0.5,1.0,1.0,0.5,0.0,1.0,0.5,-1.0,21-22
1627885,2.0,1.0,3.0,0.333,0.0,1.0,0.0,0.0,0.0,0.0,0.5,1.5,2.0,1.5,0.5,0.5,1.0,1.5,-2.0,21-22
1630536,0.5,0.2,1.1,0.214,0.1,0.5,0.167,0.0,0.0,0.0,0.0,0.4,0.4,0.4,0.0,0.0,0.4,0.1,-2.7,21-22
1630219,2.9,1.1,2.3,0.5,0.3,0.9,0.32,0.3,0.3,0.889,0.2,0.7,0.9,0.6,0.3,0.0,0.4,0.3,-1.9,21-22
203524,0.6,0.2,1.5,0.15,0.2,1.0,0.154,0.0,0.0,0.0,0.5,1.3,1.8,0.9,0.3,0.2,0.1,1.2,3.2,21-22
203915,13.7,4.6,11.0,0.416,1.7,4.9,0.339,2.9,3.8,0.774,0.7,3.5,4.2,5.2,0.7,0.2,1.6,2.2,-0.7,21-22
1626169,6.7,2.4,5.2,0.466,0.7,2.2,0.314,1.1,1.5,0.716,0.7,2.5,3.2,1.7,0.9,0.3,0.7,2.3,-1.0,21-22
201939,25.5,8.4,19.1,0.437,4.5,11.7,0.38,4.3,4.7,0.923,0.5,4.7,5.2,6.3,1.3,0.4,3.2,2.0,8.0,21-22
1628425,3.3,1.2,3.2,0.381,0.6,1.9,0.304,0.3,0.3,0.933,0.5,2.5,3.0,0.7,0.3,0.1,0.5,1.1,0.7,21-22
203500,6.9,2.8,5.1,0.547,0.0,0.0,0.0,1.4,2.6,0.543,4.6,5.4,10.0,3.4,0.9,0.8,1.5,2.0,4.6,21-22
1629004,4.6,1.6,4.2,0.389,0.7,2.4,0.306,0.6,0.7,0.865,0.4,1.3,1.6,0.8,0.5,0.1,0.6,1.0,-1.4,21-22
204456,8.5,3.7,7.7,0.481,0.4,1.2,0.303,0.7,0.9,0.826,0.7,2.6,3.3,4.9,1.1,0.4,1.1,2.0,-2.7,21-22
1629605,1.1,0.5,1.1,0.417,0.0,0.0,0.0,0.2,0.6,0.286,0.6,1.5,2.1,0.2,0.0,0.5,0.3,0.3,0.5,21-22
201959,4.4,1.7,3.2,0.518,0.3,0.7,0.395,0.8,1.0,0.808,1.7,2.7,4.4,0.6,0.4,0.8,0.5,2.6,0.8,21-22
1629659,10.0,3.7,9.0,0.416,0.8,3.0,0.269,1.7,2.1,0.8,0.6,2.6,3.2,2.7,1.0,0.5,1.4,2.5,-1.5,21-22
1627752,7.3,2.6,5.7,0.454,1.2,3.3,0.376,0.9,1.2,0.756,0.4,2.1,2.5,1.0,0.7,0.3,0.8,1.7,-0.1,21-22
1629611,10.8,4.1,8.5,0.484,0.9,2.6,0.365,1.6,2.0,0.78,1.3,4.0,5.2,2.6,0.7,0.3,1.0,2.2,0.8,21-22
1629056,10.4,3.8,8.9,0.423,1.6,5.0,0.329,1.2,1.5,0.818,0.4,2.8,3.1,1.3,0.8,0.4,1.1,2.3,2.0,21-22
203082,10.0,3.5,8.8,0.397,1.2,4.2,0.292,1.8,2.1,0.862,0.3,2.2,2.6,1.8,0.4,0.2,1.2,1.1,-5.5,21-22
1626179,19.3,7.1,16.0,0.444,3.0,8.1,0.374,2.1,2.4,0.852,0.8,3.5,4.3,4.5,1.3,0.3,1.3,1.6,1.0,21-22
1630678,9.6,4.1,6.7,0.614,0.4,1.2,0.316,1.1,1.5,0.706,2.9,2.3,5.2,1.2,0.4,0.2,0.7,1.8,-3.5,21-22
201152,6.2,2.7,5.2,0.518,0.3,0.9,0.354,0.4,0.9,0.469,1.5,2.5,4.0,2.0,1.0,0.3,1.0,1.6,0.4,21-22
203648,3.6,1.5,2.7,0.547,0.0,0.3,0.143,0.6,1.0,0.63,0.8,1.3,2.1,0.5,0.3,0.3,0.5,1.4,-2.4,21-22
1630177,7.1,2.3,6.2,0.375,0.9,2.9,0.293,1.5,2.0,0.79,0.4,2.2,2.6,2.2,0.6,0.2,1.3,1.3,-3.9,21-22
1629033,2.5,0.7,2.1,0.359,0.5,1.6,0.333,0.5,0.5,1.0,0.1,1.0,1.1,0.9,0.3,0.1,0.3,0.6,-2.2,21-22
1628418,7.4,2.9,5.5,0.52,0.4,1.6,0.286,1.3,1.5,0.875,1.0,3.0,4.0,0.9,0.2,0.8,0.7,1.6,-2.8,21-22
204025,3.3,1.2,3.8,0.311,0.5,1.4,0.353,0.4,0.8,0.556,0.4,1.2,1.6,2.8,0.3,0.1,1.3,2.3,-6.7,21-22
203501,14.2,5.0,12.6,0.394,2.4,7.2,0.336,1.9,2.5,0.757,0.3,3.4,3.7,2.2,0.9,0.1,0.8,1.8,0.9,21-22
1627789,4.4,1.4,3.6,0.398,0.8,2.3,0.361,0.7,0.8,0.854,0.3,1.3,1.6,0.8,0.3,0.1,0.4,1.5,-1.0,21-22
202699,17.2,6.8,14.0,0.482,1.4,3.8,0.367,2.3,2.8,0.842,1.1,5.7,6.8,3.5,0.6,0.6,1.6,2.2,2.3,21-22
203107,3.6,1.3,3.5,0.377,0.2,1.0,0.208,0.8,1.0,0.796,0.5,1.8,2.3,3.3,0.5,0.1,0.8,1.3,-3.0,21-22
1628396,3.0,1.3,2.2,0.585,0.0,0.0,0.0,0.3,0.5,0.655,1.2,2.2,3.4,0.5,0.2,0.6,0.6,1.1,1.3,21-22
203503,3.5,1.3,3.2,0.404,0.8,2.4,0.352,0.1,0.1,1.0,0.3,1.6,1.9,0.5,0.3,0.2,0.4,1.3,-2.2,21-22
1628470,6.6,2.6,5.7,0.454,1.0,3.0,0.329,0.5,0.7,0.75,1.1,2.9,4.0,1.2,0.6,0.5,0.9,1.9,-2.4,21-22
1629027,28.4,9.4,20.3,0.46,3.1,8.0,0.382,6.6,7.3,0.904,0.7,3.1,3.7,9.7,0.9,0.1,4.0,1.7,2.1,21-22
1629309,0.0,0.0,1.0,0.0,0.0,0.0,0.0,0.0,0.0,0.0,0.0,2.0,2.0,0.0,0.0,0.0,1.0,2.0,-12.0,21-22
1630200,6.0,2.4,4.9,0.49,0.1,0.7,0.196,1.0,1.3,0.78,0.4,1.8,2.2,3.4,0.6,0.1,0.7,1.1,-0.2,21-22
1630544,10.4,3.9,9.8,0.393,1.6,4.5,0.36,1.1,1.4,0.793,0.4,2.4,2.9,1.5,0.8,0.2,1.2,1.7,-4.6,21-22
1629682,3.3,1.3,4.7,0.286,0.7,3.0,0.222,0.0,0.0,0.0,0.0,1.3,1.3,2.3,1.7,0.0,1.3,1.3,-6.3,21-22
1630570,7.6,3.0,5.6,0.532,0.2,0.8,0.237,1.5,2.0,0.755,1.2,3.0,4.1,1.7,0.5,0.6,0.9,2.4,-7.3,21-22
1630235,3.3,1.3,2.6,0.49,0.1,0.5,0.185,0.6,0.8,0.792,0.4,1.3,1.7,1.8,0.5,0.1,0.8,0.7,1.3,21-22
1630243,4.3,1.5,3.3,0.455,0.9,2.4,0.375,0.4,0.4,1.0,0.7,0.9,1.6,0.4,0.5,0.1,0.7,0.6,0.8,21-22
1630286,3.0,1.5,3.0,0.5,0.0,0.5,0.0,0.0,0.0,0.0,0.5,0.5,1.0,0.0,0.5,0.5,0.0,1.0,2.0,21-22
2772,4.0,1.4,4.1,0.333,0.8,3.1,0.27,0.4,0.8,0.556,0.4,3.0,3.4,1.1,0.5,0.3,0.5,0.8,-2.3,21-22
203504,5.1,2.0,5.1,0.391,0.6,2.0,0.317,0.5,0.5,0.87,0.1,0.7,0.8,1.4,0.3,0.0,0.6,0.9,-0.2,21-22
1626168,10.5,3.5,7.5,0.466,0.9,2.8,0.321,2.6,3.2,0.802,1.2,3.9,5.1,1.2,0.4,0.4,1.0,1.6,-3.0,21-22
1630530,5.4,1.8,4.5,0.394,1.1,3.0,0.382,0.7,0.8,0.882,0.8,1.6,2.4,0.6,0.4,0.1,0.3,1.0,0.0,21-22
202684,6.0,2.5,4.7,0.528,0.0,0.1,0.333,1.1,2.0,0.526,2.1,2.9,5.1,0.6,0.4,0.4,0.8,1.7,-1.1,21-22
1628972,4.3,1.6,3.9,0.419,0.7,2.0,0.353,0.3,0.4,0.769,0.6,2.5,3.1,1.0,0.5,0.1,0.4,0.9,-0.7,21-22
1629660,7.1,2.6,6.8,0.378,1.1,3.9,0.29,0.8,1.0,0.809,0.4,1.2,1.6,2.3,0.6,0.1,0.8,1.5,-0.1,21-22
1629076,3.4,1.2,1.9,0.605,0.0,0.0,0.0,1.1,1.6,0.656,0.8,1.9,2.7,0.2,0.2,0.2,0.4,1.4,-1.4,21-22
1629788,0.0,0.0,0.0,0.0,0.0,0.0,0.0,0.0,0.0,0.0,0.0,0.0,0.0,0.0,0.0,0.0,0.0,0.0,-5.0,21-22
1629639,20.7,7.6,17.0,0.447,2.7,6.7,0.399,2.9,3.3,0.868,0.5,4.5,5.0,4.0,0.7,0.1,2.6,1.4,3.6,21-22
204020,2.8,1.0,3.3,0.3,0.8,2.2,0.385,0.0,0.0,0.0,0.5,1.5,2.0,1.2,0.5,0.5,0.3,1.2,-1.0,21-22
1630179,1.0,0.5,0.5,1.0,0.0,0.0,0.0,0.0,0.0,0.0,0.0,0.0,0.0,0.0,0.0,0.0,0.0,0.5,-1.0,21-22
1630169,15.3,5.6,11.8,0.473,2.1,5.1,0.414,2.1,2.5,0.842,0.8,3.2,4.0,8.2,1.7,0.6,2.6,1.6,-4.2,21-22
1630178,17.5,6.4,13.3,0.485,1.8,4.1,0.427,2.8,3.3,0.866,0.3,2.9,3.2,4.3,0.7,0.4,1.2,2.1,2.6,21-22
1627820,2.8,1.2,3.3,0.35,0.3,1.3,0.25,0.2,0.8,0.2,0.0,1.3,1.3,0.2,0.5,0.2,0.3,1.2,-3.0,21-22
1626145,8.7,3.4,7.6,0.451,1.1,2.8,0.39,0.7,0.9,0.818,0.2,2.2,2.4,4.4,0.9,0.0,0.6,0.4,3.5,21-22
1628962,4.7,2.2,2.9,0.755,0.0,0.0,0.0,0.4,0.6,0.545,1.1,3.1,4.2,0.0,0.1,0.6,0.7,1.5,0.2,21-22
2617,2.5,1.1,2.4,0.452,0.1,0.3,0.25,0.2,0.2,1.0,0.3,1.6,1.9,0.3,0.1,0.1,0.4,1.2,-1.2,21-22
1630586,2.0,0.8,1.8,0.432,0.2,0.8,0.25,0.2,0.3,0.714,0.9,2.6,3.5,0.7,0.4,0.5,0.3,1.2,1.4,21-22
1630176,2.9,1.0,1.9,0.538,0.0,0.0,0.0,0.9,1.9,0.462,1.1,0.6,1.7,0.0,0.3,0.1,0.4,0.6,-6.3,21-22
203506,12.4,4.4,9.1,0.479,1.9,4.5,0.417,1.8,2.4,0.737,0.4,2.5,2.9,3.5,0.6,0.1,2.0,1.6,-0.6,21-22
1628427,4.1,1.5,2.7,0.561,0.5,0.8,0.583,0.6,0.9,0.643,0.5,1.5,2.1,1.1,0.1,0.2,0.6,1.2,0.3,21-22
1630249,6.2,2.3,5.6,0.407,1.1,3.3,0.327,0.6,0.7,0.864,0.6,2.8,3.4,1.9,0.6,0.3,1.0,2.2,-6.0,21-22
201961,6.7,2.3,5.5,0.414,1.9,4.9,0.389,0.2,0.3,0.818,0.2,1.6,1.8,0.7,0.5,0.1,0.4,1.0,-1.4,21-22
1627782,1.7,0.3,1.3,0.25,0.3,0.7,0.5,0.7,1.3,0.5,0.0,0.3,0.3,0.3,0.0,0.0,0.0,0.3,-4.3,21-22
1628976,15.0,5.8,11.0,0.525,1.1,3.5,0.327,2.3,3.3,0.691,2.2,8.2,10.5,2.8,0.6,0.7,1.9,2.7,-2.2,21-22
1629117,5.4,2.1,4.2,0.491,0.3,1.1,0.286,1.0,1.6,0.595,1.5,2.2,3.7,0.5,0.2,0.4,0.6,2.6,1.7,21-22
1628411,7.3,2.7,6.0,0.444,1.0,1.7,0.6,1.0,1.3,0.75,1.0,3.3,4.3,0.0,0.3,0.0,0.3,2.7,0.0,21-22
202083,5.1,1.8,4.5,0.395,1.1,3.2,0.338,0.4,0.6,0.786,0.6,1.3,1.9,0.7,0.5,0.2,0.4,1.8,2.8,21-22
203115,14.7,5.5,12.6,0.438,2.2,6.1,0.365,1.4,1.8,0.803,0.6,4.2,4.8,3.9,0.8,0.4,1.8,1.6,1.4,21-22
1626161,1.7,0.8,1.8,0.457,0.1,0.1,0.5,0.1,0.1,0.5,0.7,1.4,2.0,0.5,0.3,0.2,0.4,1.0,1.2,21-22
1626195,9.1,3.4,6.5,0.52,0.1,0.2,0.333,2.2,2.8,0.773,2.9,3.9,6.8,1.3,0.4,0.4,1.0,1.9,-0.9,21-22
1629875,5.8,2.5,5.1,0.49,0.5,1.4,0.357,0.3,0.5,0.6,0.2,1.2,1.4,2.4,0.7,0.3,0.6,0.9,0.2,21-22
1630270,0.6,0.2,1.1,0.2,0.1,0.9,0.125,0.0,0.0,0.0,0.2,0.4,0.7,0.1,0.0,0.0,0.0,0.2,-0.7,21-22
1630214,4.8,1.8,4.1,0.454,0.2,0.9,0.204,0.9,1.3,0.648,1.2,1.8,3.0,1.2,0.9,0.3,0.6,1.2,-0.5,21-22
1629139,4.3,1.5,3.6,0.406,0.7,2.1,0.342,0.6,1.1,0.6,0.5,1.9,2.4,0.6,0.3,0.4,0.5,1.0,-1.4,21-22
1630582,1.1,0.4,1.3,0.313,0.3,0.8,0.333,0.0,0.2,0.0,0.4,0.6,1.0,0.1,0.1,0.3,0.1,0.5,-2.5,21-22
1628380,7.8,2.7,5.5,0.49,0.5,1.5,0.341,1.9,2.3,0.8,1.6,3.8,5.5,2.2,0.5,0.8,1.6,2.4,1.4,21-22
203897,24.4,8.4,17.7,0.476,2.8,7.1,0.389,4.8,5.6,0.853,0.3,4.3,4.6,4.5,0.6,0.3,2.6,1.8,-0.4,21-22
1630285,11.0,4.8,13.0,0.365,0.3,2.0,0.125,1.3,1.3,1.0,0.5,4.8,5.3,7.5,1.3,1.0,2.5,3.8,-23.8,21-22
1630192,6.6,2.3,4.5,0.516,0.9,2.0,0.463,1.0,1.6,0.631,1.4,2.2,3.6,0.4,0.4,0.3,0.6,1.9,-1.1,21-22
1630533,8.1,3.1,6.8,0.45,1.2,3.9,0.314,0.7,0.9,0.782,0.4,1.7,2.1,1.0,0.6,0.2,0.7,1.8,2.0,21-22
1629597,0.0,0.0,3.0,0.0,0.0,2.0,0.0,0.0,0.0,0.0,0.0,0.0,0.0,0.0,0.0,0.0,0.0,0.0,-13.0,21-22
