PLAYER_ID,DRIVES,DRIVE_FGM,DRIVE_FGA,DRIVE_FG_PCT,DRIVE_FTM,DRIVE_FTA,DRIVE_PTS,DRIVE_PTS_PCT,DRIVE_PASSES,DRIVE_AST,DRIVE_TOV,SEASON
203932,6.1,1.2,2.7,0.429,0.8,1.1,3.2,0.521,2.1,0.6,0.6,18-19
1628988,3.6,0.6,1.4,0.423,0.2,0.2,1.4,0.394,1.8,0.5,0.1,18-19
1627846,2.2,0.6,1.2,0.507,0.2,0.2,1.4,0.638,0.7,0.2,0.2,18-19
201143,1.6,0.4,0.7,0.56,0.2,0.3,1.1,0.655,0.6,0.2,0.1,18-19
202329,2.7,0.7,1.4,0.465,0.4,0.5,1.8,0.649,0.7,0.3,0.2,18-19
1626210,0.0,0.0,0.0,0.0,0.0,0.0,0.0,0.0,0.0,0.0,0.0,18-19
202692,5.2,1.0,2.5,0.396,0.7,0.8,2.8,0.53,1.8,0.4,0.4,18-19
203518,1.2,0.2,0.5,0.357,0.1,0.1,0.5,0.389,0.5,0.1,0.1,18-19
1627936,5.9,1.0,2.8,0.377,1.2,1.3,3.2,0.551,1.9,0.7,0.4,18-19
203458,0.5,0.2,0.3,0.545,0.1,0.1,0.4,0.763,0.1,0.0,0.1,18-19
1627816,0.8,0.2,0.4,0.444,0.0,0.1,0.4,0.563,0.2,0.0,0.0,18-19
1628035,0.5,0.1,0.3,0.391,0.0,0.0,0.3,0.543,0.1,0.0,0.0,18-19
1628993,0.4,0.0,0.4,0.0,0.0,0.0,0.0,0.0,0.0,0.0,0.0,18-19
203459,2.1,0.3,1.0,0.293,0.1,0.2,0.7,0.33,0.8,0.1,0.3,18-19
1629019,7.0,1.3,2.8,0.469,1.2,1.6,3.9,0.554,2.4,0.6,0.8,18-19
1628518,0.3,0.1,0.3,0.333,0.0,0.0,0.2,0.5,0.1,0.0,0.0,18-19
101161,0.5,0.2,0.2,0.727,0.0,0.0,0.4,0.75,0.1,0.0,0.1,18-19
203083,1.2,0.3,0.7,0.431,0.2,0.3,0.9,0.753,0.1,0.0,0.1,18-19
2738,1.0,0.2,0.3,0.478,0.1,0.3,0.5,0.471,0.5,0.1,0.1,18-19
201281,0.3,0.0,0.3,0.0,0.0,0.0,0.0,0.0,0.0,0.0,0.0,18-19
101106,0.2,0.2,0.2,1.0,0.0,0.0,0.4,2.0,0.0,0.0,0.0,18-19
1626150,4.1,0.5,0.9,0.5,0.6,0.7,1.7,0.414,2.5,0.6,0.2,18-19
203952,8.0,1.7,4.2,0.409,1.1,1.6,4.5,0.571,2.4,0.6,0.6,18-19
1629014,1.4,0.5,0.9,0.5,0.3,0.6,1.2,0.821,0.1,0.1,0.1,18-19
1629116,0.5,0.5,0.5,1.0,0.0,0.0,1.0,2.0,0.0,0.0,0.0,18-19
1627790,0.3,0.1,0.2,0.538,0.0,0.0,0.2,0.7,0.1,0.0,0.0,18-19
203076,3.8,1.2,2.4,0.485,0.7,0.9,3.1,0.822,0.8,0.3,0.1,18-19
201229,0.6,0.1,0.2,0.4,0.2,0.3,0.4,0.634,0.2,0.0,0.1,18-19
1628469,4.9,1.3,2.9,0.466,0.5,0.8,3.1,0.646,1.4,0.2,0.2,18-19
203382,0.0,0.0,0.0,0.0,0.0,0.0,0.0,0.0,0.0,0.0,0.0,18-19
203085,5.6,1.3,2.7,0.481,0.4,0.8,3.1,0.555,2.0,0.5,0.2,18-19
202340,3.3,0.5,1.3,0.357,0.2,0.2,1.2,0.348,1.5,0.5,0.2,18-19
1629168,0.3,0.3,0.3,1.0,0.0,0.0,0.6,2.0,0.0,0.0,0.0,18-19
1628389,0.8,0.1,0.4,0.387,0.2,0.3,0.5,0.636,0.2,0.0,0.0,18-19
203463,0.3,0.1,0.2,0.333,0.0,0.0,0.1,0.333,0.2,0.1,0.0,18-19
1627732,9.9,2.1,4.0,0.517,1.0,1.6,5.2,0.529,4.3,1.0,0.5,18-19
1628656,3.8,1.8,2.8,0.636,0.5,0.5,4.0,1.067,0.8,0.3,0.0,18-19
202687,0.1,0.0,0.0,1.0,0.1,0.1,0.1,1.667,0.0,0.0,0.0,18-19
201933,8.0,2.1,3.7,0.566,1.9,2.4,6.3,0.784,2.1,0.5,0.6,18-19
1626246,0.1,0.0,0.1,0.333,0.0,0.0,0.0,0.667,0.0,0.0,0.0,18-19
1626171,2.4,0.6,1.5,0.392,0.3,0.3,1.5,0.608,0.5,0.1,0.1,18-19
203992,8.0,1.6,3.6,0.441,0.5,0.6,3.8,0.475,3.2,1.0,0.6,18-19
202711,6.8,1.8,3.6,0.517,1.2,1.4,5.0,0.732,1.9,0.4,0.5,18-19
1629045,0.4,0.1,0.1,1.0,0.0,0.0,0.3,0.667,0.3,0.0,0.0,18-19
202954,1.7,0.3,0.8,0.37,0.3,0.3,0.8,0.475,0.8,0.2,0.0,18-19
203078,12.7,3.1,5.6,0.564,1.6,2.0,8.0,0.631,4.9,1.1,0.8,18-19
1629164,1.3,0.1,0.8,0.167,0.4,0.5,0.6,0.5,0.2,0.0,0.1,18-19
1627742,10.1,2.6,5.4,0.477,1.4,2.1,6.7,0.659,2.6,0.7,0.8,18-19
202688,4.3,0.6,2.0,0.295,0.5,0.6,1.7,0.398,1.7,0.4,0.3,18-19
1629102,2.4,0.6,1.3,0.5,0.2,0.3,1.5,0.618,0.6,0.1,0.4,18-19
201572,2.1,0.8,1.2,0.622,0.5,0.5,2.0,0.947,0.4,0.1,0.2,18-19
1628971,2.9,0.6,1.4,0.394,0.3,0.4,1.4,0.486,1.1,0.2,0.2,18-19
203998,2.6,0.6,1.1,0.526,0.5,0.5,1.7,0.633,0.9,0.1,0.3,18-19
1627854,3.8,1.0,2.1,0.462,0.3,0.3,2.2,0.583,1.3,0.4,0.3,18-19
1627741,4.6,1.0,2.4,0.425,0.4,0.5,2.5,0.553,1.5,0.3,0.2,18-19
203710,1.3,0.2,0.6,0.333,0.0,0.0,0.4,0.316,0.5,0.1,0.1,18-19
203468,9.4,2.6,5.4,0.488,0.9,1.1,6.3,0.67,2.9,0.6,0.4,18-19
101139,1.6,0.3,0.9,0.327,0.2,0.3,0.9,0.571,0.4,0.1,0.1,18-19
1628403,0.1,0.0,0.1,0.333,0.0,0.0,0.1,0.667,0.0,0.0,0.0,18-19
1629244,0.8,0.2,0.3,0.6,0.2,0.2,0.5,0.6,0.3,0.1,0.2,18-19
1626166,4.9,1.3,2.2,0.562,0.4,0.5,2.9,0.603,1.9,0.6,0.4,18-19
1627747,12.0,2.9,6.0,0.479,1.4,1.9,7.2,0.605,4.0,1.0,0.8,18-19
2546,0.8,0.2,0.7,0.286,0.1,0.2,0.5,0.625,0.0,0.0,0.0,18-19
1626224,6.1,1.4,2.9,0.464,0.7,0.8,3.5,0.571,2.2,0.4,0.4,18-19
1628990,3.1,0.6,1.5,0.397,0.1,0.2,1.3,0.426,1.1,0.2,0.2,18-19
202718,4.9,0.7,1.9,0.362,0.6,0.7,2.0,0.41,2.0,0.4,0.6,18-19
101112,0.3,0.0,0.1,0.0,0.1,0.1,0.1,0.25,0.1,0.0,0.0,18-19
1626184,3.7,0.5,1.1,0.431,0.4,0.6,1.3,0.348,2.0,0.6,0.2,18-19
1627767,0.1,0.0,0.0,0.333,0.0,0.1,0.1,0.5,0.0,0.0,0.0,18-19
1629002,0.5,0.0,0.2,0.143,0.1,0.1,0.2,0.4,0.1,0.0,0.1,18-19
1628449,0.3,0.0,0.2,0.167,0.0,0.0,0.1,0.286,0.0,0.0,0.0,18-19
1629185,2.1,0.0,0.4,0.0,0.0,0.0,0.0,0.0,1.3,0.1,0.1,18-19
101108,12.1,1.9,4.4,0.443,0.3,0.3,4.4,0.36,6.3,1.4,0.8,18-19
1626174,1.3,0.5,0.9,0.526,0.4,0.5,1.4,1.071,0.1,0.0,0.1,18-19
203991,0.5,0.1,0.2,0.625,0.0,0.1,0.3,0.677,0.1,0.0,0.1,18-19
203469,2.4,0.6,1.3,0.46,0.3,0.4,1.6,0.655,0.7,0.2,0.2,18-19
1629012,10.8,2.1,5.0,0.421,1.4,1.6,5.6,0.518,3.9,0.8,0.8,18-19
201147,1.8,0.2,0.7,0.304,0.2,0.3,0.7,0.382,0.8,0.1,0.1,18-19
202709,6.5,1.0,2.1,0.468,0.2,0.3,2.2,0.332,3.8,1.1,0.3,18-19
201584,1.4,0.2,0.5,0.412,0.1,0.2,0.5,0.347,0.8,0.1,0.0,18-19
1626245,0.3,0.1,0.2,0.417,0.1,0.1,0.3,0.895,0.0,0.0,0.0,18-19
1626156,12.0,3.2,6.3,0.507,0.7,0.9,7.2,0.597,4.1,1.1,0.8,18-19
201571,10.2,1.6,3.3,0.492,0.6,0.7,3.9,0.385,5.8,1.4,0.5,18-19
1628391,0.9,0.1,0.3,0.333,0.1,0.1,0.3,0.341,0.3,0.0,0.1,18-19
203474,0.0,0.0,0.0,0.0,0.0,0.0,0.0,0.0,0.0,0.0,0.0,18-19
1629541,0.7,0.1,0.2,0.5,0.0,0.0,0.2,0.25,0.3,0.1,0.0,18-19
1627745,0.0,0.0,0.0,0.0,0.0,0.0,0.0,0.0,0.0,0.0,0.0,18-19
203081,13.3,2.9,6.1,0.481,1.7,1.9,7.7,0.579,5.3,1.5,0.7,18-19
1627814,1.1,0.3,0.5,0.5,0.4,0.4,0.9,0.853,0.3,0.0,0.0,18-19
1628422,3.9,0.8,1.8,0.461,0.3,0.3,1.9,0.495,1.5,0.3,0.3,18-19
1627772,4.3,0.6,1.4,0.423,0.2,0.3,1.3,0.309,2.3,0.7,0.3,18-19
1628464,0.3,0.1,0.2,0.6,0.1,0.2,0.3,0.947,0.0,0.0,0.0,18-19
201568,5.9,1.3,2.6,0.48,1.5,1.6,4.0,0.677,1.7,0.5,0.6,18-19
201980,2.6,0.3,0.9,0.375,0.1,0.1,0.8,0.304,1.3,0.2,0.2,18-19
201967,0.6,0.1,0.2,0.385,0.1,0.1,0.2,0.351,0.2,0.1,0.1,18-19
203957,7.9,1.5,3.3,0.444,0.8,1.0,3.7,0.474,3.4,1.3,0.5,18-19
1627863,2.6,0.5,1.0,0.526,0.5,0.7,1.5,0.574,1.0,0.3,0.2,18-19
203967,2.2,0.4,0.9,0.395,0.3,0.4,1.1,0.497,0.8,0.1,0.2,18-19
203121,2.6,0.3,0.6,0.579,0.0,0.1,0.7,0.265,1.8,0.5,0.2,18-19
201954,7.5,0.8,1.7,0.462,0.8,1.0,2.5,0.332,4.6,1.2,0.4,18-19
1629133,2.0,0.3,0.6,0.4,0.1,0.3,0.6,0.313,1.0,0.1,0.1,18-19
1628021,2.5,0.7,1.5,0.462,0.5,0.7,1.9,0.762,0.6,0.2,0.1,18-19
202722,1.3,0.2,0.5,0.389,0.1,0.1,0.5,0.357,0.7,0.1,0.1,18-19
1628432,0.3,0.0,0.1,0.0,0.0,0.0,0.0,0.0,0.2,0.1,0.0,18-19
1628368,12.2,2.7,5.8,0.462,1.6,2.3,7.1,0.583,4.1,1.3,0.8,18-19
1629001,4.9,0.6,1.5,0.395,0.1,0.2,1.4,0.28,2.8,0.9,0.3,18-19
201599,0.1,0.0,0.0,0.667,0.0,0.0,0.1,1.2,0.0,0.0,0.0,18-19
1627761,7.3,1.4,3.1,0.457,0.4,0.6,3.3,0.448,3.0,0.6,0.5,18-19
201942,18.7,3.9,7.3,0.536,2.5,3.0,10.5,0.563,8.4,2.3,1.1,18-19
202326,3.4,0.7,1.8,0.396,0.8,1.1,2.2,0.637,0.6,0.3,0.4,18-19
201960,3.6,0.7,1.9,0.403,0.8,1.1,2.3,0.642,1.0,0.3,0.2,18-19
1629152,1.3,0.1,0.4,0.333,0.1,0.3,0.4,0.333,0.6,0.1,0.1,18-19
1629028,0.4,0.1,0.2,0.667,0.0,0.1,0.3,0.96,0.1,0.0,0.1,18-19
1626153,8.2,1.4,3.2,0.433,0.8,0.9,3.6,0.439,4.0,0.9,0.4,18-19
1627743,2.3,0.5,0.8,0.6,0.0,0.0,1.0,0.429,1.0,0.2,0.3,18-19
1629061,0.9,0.2,0.4,0.5,0.1,0.1,0.5,0.588,0.3,0.0,0.1,18-19
203471,11.7,2.6,5.8,0.456,1.2,1.5,6.7,0.573,4.0,1.0,0.9,18-19
1628372,12.0,2.2,4.6,0.475,0.7,1.2,5.2,0.432,5.6,1.2,1.0,18-19
1629126,1.6,0.3,0.8,0.407,0.1,0.2,0.8,0.54,0.4,0.0,0.2,18-19
202324,0.3,0.1,0.2,0.615,0.1,0.1,0.3,1.048,0.0,0.0,0.0,18-19
1627884,1.2,0.2,0.6,0.343,0.2,0.3,0.6,0.514,0.3,0.1,0.1,18-19
201565,12.0,3.3,6.2,0.527,1.3,1.4,8.0,0.667,4.1,1.1,0.6,18-19
1628401,8.6,1.8,3.4,0.53,0.7,1.0,4.5,0.52,4.0,1.1,0.4,18-19
1626164,13.9,3.2,6.0,0.522,2.1,2.4,8.5,0.615,4.9,1.6,1.2,18-19
2734,2.9,0.5,1.1,0.479,0.4,0.5,1.5,0.513,1.3,0.4,0.2,18-19
1628421,2.0,0.6,1.3,0.444,0.3,0.6,1.6,0.786,0.3,0.1,0.1,18-19
1628984,3.5,0.4,1.0,0.375,0.4,0.5,1.2,0.344,1.9,0.5,0.2,18-19
203473,0.8,0.2,0.4,0.5,0.1,0.1,0.5,0.574,0.3,0.1,0.1,18-19
1627738,0.0,0.0,0.0,0.0,0.0,0.0,0.0,0.0,0.0,0.0,0.0,18-19
1628415,3.6,1.0,2.2,0.45,0.4,0.7,2.4,0.677,0.8,0.2,0.3,18-19
203079,9.3,1.2,2.8,0.446,0.3,0.6,2.8,0.302,5.2,1.0,0.7,18-19
1717,0.0,0.0,0.0,0.0,0.0,0.0,0.0,0.0,0.0,0.0,0.0,18-19
1627734,1.6,0.5,0.9,0.545,0.2,0.2,1.2,0.739,0.4,0.1,0.1,18-19
202700,0.3,0.0,0.0,0.0,0.0,0.0,0.0,0.0,0.0,0.0,0.3,18-19
1628378,16.9,4.1,9.1,0.454,2.0,2.5,10.4,0.618,5.1,1.2,1.1,18-19
1628978,1.1,0.2,0.4,0.6,0.1,0.1,0.5,0.467,0.6,0.0,0.1,18-19
1629055,0.0,0.0,0.0,0.0,0.0,0.0,0.0,0.0,0.0,0.0,0.0,18-19
1627827,2.6,0.3,0.7,0.475,0.3,0.4,1.0,0.401,1.3,0.2,0.3,18-19
203926,1.4,0.4,0.8,0.508,0.2,0.2,1.0,0.705,0.4,0.1,0.1,18-19
1627733,1.0,0.3,0.5,0.619,0.0,0.1,0.6,0.614,0.3,0.0,0.1,18-19
203110,1.5,0.3,0.7,0.489,0.1,0.2,0.8,0.573,0.5,0.1,0.2,18-19
1629234,0.1,0.0,0.0,1.0,0.0,0.0,0.1,1.0,0.0,0.0,0.0,18-19
1629130,0.3,0.0,0.0,0.0,0.1,0.1,0.1,0.25,0.2,0.1,0.0,18-19
1628605,4.0,1.0,2.5,0.4,1.0,1.0,3.0,0.75,1.0,0.0,0.0,18-19
1628407,4.6,1.2,2.6,0.469,0.5,0.6,2.9,0.636,1.3,0.3,0.2,18-19
2730,1.2,0.3,0.7,0.5,0.3,0.4,1.1,0.909,0.1,0.0,0.2,18-19
203939,1.4,0.3,0.5,0.548,0.4,0.5,1.0,0.755,0.4,0.1,0.1,18-19
2548,9.3,2.2,4.6,0.47,0.8,1.2,5.2,0.561,3.3,0.9,0.6,18-19
1629058,1.1,0.4,0.7,0.667,0.0,0.0,0.9,0.8,0.2,0.0,0.2,18-19
202734,4.7,1.3,2.6,0.507,0.3,0.3,2.9,0.621,1.5,0.3,0.3,18-19
202334,0.2,0.0,0.1,0.2,0.1,0.1,0.1,0.571,0.0,0.0,0.0,18-19
1628410,1.8,0.2,0.6,0.286,0.3,0.4,0.6,0.333,0.8,0.2,0.2,18-19
202327,0.1,0.0,0.1,0.0,0.0,0.0,0.0,0.25,0.0,0.0,0.0,18-19
203901,11.4,2.1,4.5,0.46,0.5,0.8,4.8,0.42,5.3,1.3,0.7,18-19
1629059,4.4,0.7,1.8,0.381,0.2,0.3,1.6,0.373,2.0,0.4,0.4,18-19
1629150,0.0,0.0,0.0,0.0,0.0,0.0,0.0,0.0,0.0,0.0,0.0,18-19
1626144,11.2,2.2,4.8,0.469,0.9,1.3,5.5,0.489,4.5,1.1,0.9,18-19
202683,0.9,0.2,0.6,0.308,0.1,0.2,0.5,0.517,0.1,0.0,0.1,18-19
202339,11.1,2.4,4.3,0.569,1.0,1.3,6.1,0.544,5.0,1.4,0.8,18-19
201569,7.4,1.8,3.8,0.467,0.8,1.0,4.4,0.591,2.5,0.6,0.4,18-19
203961,0.4,0.0,0.2,0.0,0.0,0.0,0.0,0.0,0.2,0.0,0.0,18-19
101141,0.5,0.1,0.3,0.368,0.0,0.0,0.2,0.5,0.1,0.0,0.0,18-19
203095,8.9,1.9,3.9,0.476,0.6,0.8,4.5,0.506,3.8,1.1,0.6,18-19
202323,4.0,0.9,2.1,0.412,0.3,0.3,2.0,0.509,1.3,0.3,0.3,18-19
1628402,3.2,0.8,1.9,0.41,0.3,0.5,1.9,0.586,1.0,0.2,0.1,18-19
1626163,2.9,0.7,1.3,0.516,0.5,0.6,1.9,0.644,0.8,0.2,0.4,18-19
1628412,3.7,0.6,1.1,0.488,0.2,0.3,1.3,0.357,2.0,0.6,0.3,18-19
1628373,4.9,0.8,2.1,0.393,0.2,0.2,1.9,0.386,2.0,0.5,0.5,18-19
1627832,8.7,1.0,2.5,0.401,0.6,0.7,2.7,0.309,5.1,1.2,0.5,18-19
1627788,1.5,0.3,0.7,0.406,0.1,0.1,0.6,0.429,0.6,0.2,0.1,18-19
202066,2.0,0.3,0.8,0.426,0.3,0.3,1.0,0.486,0.8,0.1,0.1,18-19
1629109,0.4,0.1,0.1,0.667,0.0,0.0,0.2,0.429,0.2,0.0,0.1,18-19
203914,7.7,1.7,3.8,0.458,1.0,1.2,4.5,0.585,2.7,0.5,0.4,18-19
1627780,0.3,0.0,0.0,0.0,0.0,0.0,0.0,0.0,0.3,0.0,0.0,18-19
1629018,1.0,0.1,0.4,0.167,0.1,0.1,0.3,0.267,0.3,0.1,0.2,18-19
201588,3.4,0.8,1.6,0.495,0.4,0.4,1.9,0.558,1.4,0.3,0.2,18-19
1628994,0.0,0.0,0.0,0.0,0.0,0.0,0.0,0.0,0.0,0.0,0.0,18-19
1627777,1.8,0.5,0.7,0.636,0.2,0.2,1.1,0.602,0.7,0.1,0.2,18-19
101123,1.9,0.5,0.9,0.5,0.2,0.3,1.2,0.604,0.6,0.2,0.2,18-19
203507,12.5,3.0,4.8,0.633,2.5,3.4,8.9,0.711,4.4,1.0,1.1,18-19
203922,1.7,0.2,0.9,0.238,0.2,0.2,0.6,0.372,0.5,0.1,0.1,18-19
201609,11.0,1.9,4.3,0.455,0.4,0.5,4.3,0.395,5.3,1.5,0.9,18-19
202330,5.7,1.0,1.9,0.518,0.7,0.8,2.8,0.491,2.5,0.6,0.5,18-19
203476,0.6,0.1,0.3,0.421,0.2,0.2,0.4,0.689,0.2,0.0,0.1,18-19
1628960,4.2,0.6,1.4,0.404,0.7,0.9,1.8,0.425,1.8,0.3,0.4,18-19
202328,0.7,0.2,0.5,0.391,0.0,0.1,0.5,0.645,0.1,0.0,0.0,18-19
1627824,0.3,0.1,0.2,0.571,0.1,0.1,0.3,1.0,0.0,0.0,0.0,18-19
1628977,1.3,0.3,0.8,0.357,0.1,0.2,0.8,0.585,0.2,0.0,0.1,18-19
203084,5.0,1.4,3.1,0.443,0.7,0.9,3.5,0.713,1.0,0.3,0.4,18-19
1628385,1.1,0.3,0.6,0.472,0.2,0.3,0.8,0.726,0.2,0.0,0.1,18-19
202355,0.5,0.1,0.3,0.435,0.0,0.1,0.3,0.583,0.1,0.0,0.0,18-19
1629312,1.0,0.4,0.4,1.0,0.0,0.0,0.8,0.8,0.6,0.0,0.0,18-19
1627740,2.1,0.3,1.1,0.25,0.2,0.4,0.7,0.359,0.6,0.1,0.2,18-19
203546,2.7,0.7,1.4,0.506,0.2,0.2,1.6,0.594,0.8,0.3,0.2,18-19
101133,0.3,0.0,0.2,0.2,0.1,0.2,0.2,0.6,0.1,0.0,0.0,18-19
1628387,0.0,0.0,0.0,0.0,0.0,0.0,0.0,0.0,0.0,0.0,0.0,18-19
202697,1.4,0.2,0.6,0.343,0.2,0.2,0.6,0.404,0.6,0.2,0.1,18-19
1629067,1.3,0.1,0.5,0.2,0.1,0.2,0.3,0.214,0.7,0.1,0.0,18-19
1629353,0.0,0.0,0.0,0.0,0.0,0.0,0.0,0.0,0.0,0.0,0.0,18-19
1628515,4.2,0.6,1.4,0.455,0.2,0.3,1.5,0.356,2.2,0.5,0.3,18-19
203477,3.3,0.6,1.5,0.386,0.1,0.1,1.3,0.4,1.5,0.3,0.3,18-19
1628392,0.1,0.0,0.0,0.0,0.0,0.1,0.0,0.25,0.1,0.0,0.0,18-19
1628439,0.7,0.3,0.7,0.5,0.0,0.0,0.7,1.0,0.0,0.0,0.0,18-19
202738,7.3,1.2,3.4,0.341,0.8,1.2,3.1,0.425,2.9,0.8,0.3,18-19
202397,11.1,1.8,3.9,0.461,0.5,0.6,4.2,0.376,6.2,1.4,0.4,18-19
1628397,0.4,0.1,0.2,0.583,0.1,0.1,0.4,0.857,0.1,0.1,0.0,18-19
1627826,0.1,0.0,0.0,1.0,0.0,0.0,0.1,1.2,0.0,0.0,0.0,18-19
200826,10.4,2.2,4.8,0.457,0.8,1.1,5.3,0.514,3.9,1.0,0.7,18-19
1629122,1.5,0.5,0.5,1.0,0.0,0.0,1.0,0.667,1.0,0.0,0.0,18-19
200755,2.3,0.5,1.0,0.479,0.3,0.3,1.3,0.543,0.9,0.1,0.1,18-19
2747,1.9,0.4,0.6,0.571,0.0,0.0,0.7,0.381,0.9,0.2,0.3,18-19
203960,9.3,2.0,4.5,0.444,3.0,3.5,7.0,0.757,2.5,0.0,0.5,18-19
203210,0.8,0.2,0.4,0.379,0.0,0.0,0.4,0.51,0.2,0.1,0.1,18-19
201580,0.6,0.2,0.4,0.406,0.1,0.1,0.4,0.667,0.0,0.0,0.1,18-19
203953,6.5,1.4,2.7,0.524,0.6,0.8,3.5,0.538,2.6,0.5,0.7,18-19
1628980,0.5,0.1,0.3,0.375,0.0,0.0,0.2,0.4,0.2,0.1,0.1,18-19
203109,2.1,0.4,1.0,0.442,0.3,0.5,1.2,0.581,0.6,0.1,0.2,18-19
1626143,1.2,0.5,0.8,0.587,0.2,0.3,1.1,0.903,0.1,0.0,0.1,18-19
1627774,1.5,0.5,0.8,0.559,0.2,0.2,1.1,0.7,0.5,0.1,0.1,18-19
1627751,0.2,0.1,0.1,0.625,0.0,0.0,0.2,0.706,0.1,0.0,0.0,18-19
1628973,7.9,1.7,3.2,0.527,0.4,0.7,3.9,0.496,3.6,1.0,0.5,18-19
1627883,1.8,0.2,0.6,0.3,0.5,0.6,0.9,0.483,0.4,0.0,0.2,18-19
2037,3.0,0.6,1.3,0.465,0.4,0.4,1.6,0.55,1.2,0.3,0.2,18-19
1627750,10.2,2.1,4.9,0.432,0.7,0.8,5.0,0.486,4.0,1.1,0.5,18-19
203516,1.3,0.3,0.6,0.469,0.2,0.4,0.7,0.533,0.5,0.1,0.1,18-19
201935,19.6,4.9,9.3,0.528,3.7,4.3,14.0,0.713,6.1,2.2,1.5,18-19
201949,4.6,0.9,2.2,0.417,0.5,0.8,2.3,0.514,1.5,0.3,0.3,18-19
203263,0.4,0.1,0.3,0.5,0.0,0.0,0.3,0.667,0.1,0.0,0.0,18-19
201162,2.5,0.4,0.7,0.525,0.2,0.2,0.9,0.362,1.4,0.4,0.2,18-19
1629123,1.4,0.1,0.7,0.2,0.1,0.3,0.4,0.316,0.4,0.1,0.1,18-19
1626185,0.3,0.1,0.1,0.667,0.0,0.0,0.2,0.727,0.1,0.0,0.0,18-19
1628991,2.1,0.7,1.4,0.463,0.3,0.4,1.7,0.782,0.3,0.1,0.2,18-19
1628417,0.5,0.1,0.3,0.375,0.0,0.0,0.2,0.429,0.2,0.0,0.0,18-19
1629020,0.2,0.0,0.1,0.0,0.1,0.1,0.1,0.333,0.1,0.1,0.0,18-19
1628386,0.3,0.0,0.2,0.231,0.1,0.1,0.1,0.524,0.0,0.0,0.0,18-19
201160,0.4,0.1,0.2,0.667,0.1,0.1,0.3,0.857,0.1,0.0,0.1,18-19
1628393,2.6,0.3,0.9,0.286,0.0,0.0,0.5,0.19,1.3,0.0,0.4,18-19
1629121,2.7,0.2,0.6,0.318,0.1,0.1,0.5,0.198,1.6,0.4,0.2,18-19
1627759,5.1,1.2,2.4,0.494,0.6,0.9,3.1,0.599,1.8,0.3,0.3,18-19
1628537,0.8,0.0,0.5,0.0,0.0,0.0,0.0,0.0,0.3,0.0,0.0,18-19
1628369,5.6,1.3,2.8,0.46,0.4,0.5,3.1,0.549,1.9,0.5,0.5,18-19
201145,2.1,0.6,1.1,0.556,0.7,0.8,1.9,0.894,0.5,0.2,0.2,18-19
201952,14.1,2.4,5.5,0.438,1.5,1.8,6.4,0.452,6.1,2.0,0.9,18-19
1629203,1.0,0.0,0.3,0.0,0.2,0.3,0.2,0.167,0.5,0.3,0.0,18-19
203924,2.8,0.6,1.6,0.398,0.5,0.7,1.7,0.609,0.6,0.1,0.2,18-19
203087,8.5,2.0,4.7,0.43,1.5,1.6,5.7,0.674,2.3,0.6,0.4,18-19
202391,8.6,1.5,2.9,0.507,1.1,1.4,4.1,0.48,4.0,1.0,0.6,18-19
1626170,3.5,0.3,0.9,0.377,0.2,0.4,0.9,0.272,2.1,0.5,0.2,18-19
1629010,1.3,0.3,0.7,0.455,0.1,0.1,0.7,0.548,0.5,0.2,0.0,18-19
201573,4.8,0.6,1.6,0.352,0.3,0.5,1.4,0.287,2.4,0.6,0.3,18-19
1628975,2.7,0.2,0.7,0.214,0.2,0.2,0.5,0.189,1.4,0.3,0.3,18-19
202690,2.8,0.7,1.3,0.5,0.3,0.3,1.7,0.588,1.0,0.3,0.3,18-19
202710,10.2,1.9,4.1,0.46,1.6,1.9,5.5,0.534,4.5,1.1,0.5,18-19
201149,1.6,0.4,0.9,0.486,0.2,0.2,1.0,0.652,0.4,0.1,0.2,18-19
201975,1.8,0.6,1.1,0.556,0.0,0.0,1.3,0.714,0.3,0.0,0.1,18-19
1629147,4.0,1.0,2.0,0.5,0.0,0.0,2.0,0.5,2.0,0.0,0.0,18-19
203925,7.0,1.5,3.1,0.487,0.6,0.7,3.6,0.521,2.9,0.7,0.5,18-19
204060,10.0,1.7,3.0,0.553,0.3,0.4,3.7,0.37,5.4,1.5,1.0,18-19
203954,4.8,1.3,2.5,0.523,1.4,1.8,4.0,0.833,0.8,0.1,0.6,18-19
1628381,2.8,0.6,1.6,0.396,0.5,0.5,1.8,0.655,0.6,0.2,0.3,18-19
203089,0.4,0.1,0.1,0.5,0.0,0.0,0.1,0.333,0.1,0.0,0.0,18-19
204066,0.0,0.0,0.0,0.0,0.0,0.0,0.0,0.0,0.0,0.0,0.0,18-19
203098,1.0,0.2,0.3,0.444,0.2,0.2,0.5,0.48,0.4,0.1,0.1,18-19
202322,16.8,3.5,6.5,0.541,2.4,3.3,9.5,0.564,6.3,1.7,1.8,18-19
1628405,0.9,0.3,0.5,0.636,0.1,0.2,0.8,0.85,0.2,0.0,0.1,18-19
1629140,0.5,0.2,0.4,0.444,0.0,0.1,0.4,0.818,0.0,0.0,0.0,18-19
202720,0.3,0.1,0.1,0.6,0.0,0.0,0.2,0.583,0.1,0.0,0.0,18-19
1628413,0.7,0.1,0.2,0.444,0.0,0.1,0.2,0.357,0.3,0.1,0.0,18-19
201973,1.0,0.2,0.4,0.444,0.1,0.2,0.4,0.414,0.4,0.1,0.1,18-19
202685,1.9,0.4,1.0,0.449,0.3,0.3,1.2,0.63,0.3,0.0,0.3,18-19
1628371,1.8,0.4,0.9,0.492,0.3,0.3,1.2,0.659,0.5,0.1,0.2,18-19
203613,5.3,0.9,2.4,0.402,0.5,0.7,2.5,0.479,1.8,0.5,0.5,18-19
1628395,0.7,0.1,0.4,0.417,0.0,0.1,0.3,0.449,0.2,0.1,0.0,18-19
203903,9.3,2.6,5.0,0.517,1.0,1.1,6.2,0.663,2.9,0.7,0.7,18-19
1628070,1.0,0.3,0.7,0.5,0.3,0.3,0.9,0.917,0.2,0.1,0.1,18-19
203895,2.5,0.6,1.2,0.455,0.6,0.6,1.7,0.672,0.7,0.1,0.1,18-19
1626296,0.0,0.0,0.0,0.0,0.0,0.0,0.0,0.0,0.0,0.0,0.0,18-19
101181,2.7,0.1,0.4,0.3,0.1,0.1,0.4,0.137,1.9,0.2,0.2,18-19
1628404,1.8,0.3,0.8,0.373,0.1,0.2,0.7,0.388,0.7,0.1,0.2,18-19
1628367,7.0,1.6,4.0,0.394,1.0,1.4,4.3,0.608,1.5,0.4,0.6,18-19
1629006,3.0,0.5,1.3,0.417,0.4,0.5,1.6,0.511,1.2,0.3,0.2,18-19
1626196,10.1,1.6,4.0,0.399,1.0,1.2,4.2,0.419,4.6,1.2,0.5,18-19
201950,16.6,4.0,7.7,0.52,1.4,2.0,9.7,0.589,6.3,1.7,0.9,18-19
1627823,0.8,0.1,0.4,0.226,0.1,0.1,0.3,0.404,0.2,0.0,0.1,18-19
1627395,1.3,0.2,0.4,0.429,0.0,0.0,0.3,0.261,0.8,0.1,0.1,18-19
203944,7.2,2.1,3.7,0.563,1.2,1.6,5.5,0.762,2.0,0.5,0.6,18-19
1626147,1.3,0.2,0.7,0.333,0.1,0.2,0.6,0.429,0.4,0.1,0.1,18-19
203200,2.7,0.3,1.0,0.329,0.2,0.2,0.9,0.317,1.2,0.3,0.3,18-19
1628382,1.7,0.5,1.0,0.452,0.3,0.4,1.3,0.77,0.4,0.1,0.0,18-19
1628383,0.0,0.0,0.0,0.0,0.0,0.0,0.0,0.0,0.0,0.0,0.0,18-19
1626159,8.8,1.8,4.3,0.433,0.5,0.9,4.3,0.487,3.1,1.0,0.8,18-19
203994,0.7,0.2,0.5,0.471,0.2,0.2,0.6,0.92,0.1,0.0,0.1,18-19
1628443,10.3,1.7,3.8,0.458,1.4,1.7,4.8,0.472,4.6,1.5,0.7,18-19
203564,2.0,0.0,0.0,0.0,2.0,2.0,2.0,1.0,1.0,0.0,0.0,18-19
1626157,3.6,1.1,2.0,0.545,0.7,0.8,3.0,0.821,0.7,0.2,0.4,18-19
202695,13.6,3.4,6.0,0.555,2.4,2.7,9.4,0.688,5.1,0.9,0.7,18-19
1628966,1.0,0.2,0.7,0.333,0.2,0.2,0.7,0.645,0.2,0.0,0.0,18-19
203482,2.0,0.4,0.8,0.531,0.4,0.4,1.3,0.619,0.7,0.2,0.2,18-19
1626162,6.0,1.6,3.6,0.447,1.2,1.5,4.5,0.748,0.9,0.2,0.6,18-19
202689,15.2,3.4,6.9,0.499,2.0,2.4,9.1,0.597,5.6,1.6,0.9,18-19
202702,0.6,0.2,0.4,0.438,0.1,0.2,0.5,0.783,0.1,0.0,0.1,18-19
1629026,2.0,0.3,0.7,0.364,0.1,0.1,0.6,0.301,1.1,0.3,0.1,18-19
203145,6.8,1.2,3.0,0.399,0.7,1.0,3.2,0.474,2.1,0.4,0.7,18-19
203484,1.9,0.4,1.0,0.436,0.1,0.1,1.0,0.51,0.7,0.2,0.1,18-19
201142,7.5,2.0,3.7,0.536,1.5,1.7,5.7,0.758,2.1,0.7,0.5,18-19
1628989,4.7,0.9,2.3,0.404,0.3,0.4,2.1,0.454,1.9,0.6,0.3,18-19
1628995,5.4,1.4,3.5,0.397,1.2,1.6,4.0,0.75,0.7,0.1,0.4,18-19
201567,1.9,0.3,0.7,0.467,0.3,0.4,1.0,0.5,0.9,0.2,0.1,18-19
1626172,0.6,0.2,0.3,0.545,0.1,0.2,0.4,0.667,0.2,0.0,0.0,18-19
203920,0.4,0.1,0.2,0.444,0.2,0.2,0.4,0.9,0.1,0.0,0.0,18-19
203114,7.8,1.8,3.5,0.511,0.7,0.8,4.4,0.559,3.0,0.9,0.6,18-19
1629017,1.2,0.2,0.5,0.308,0.0,0.1,0.3,0.267,0.4,0.0,0.1,18-19
202691,4.4,0.9,1.8,0.514,0.3,0.3,2.1,0.483,2.0,0.6,0.3,18-19
1628424,0.0,0.0,0.0,0.0,0.0,0.0,0.0,0.0,0.0,0.0,0.0,18-19
201585,0.4,0.1,0.2,0.3,0.0,0.0,0.1,0.4,0.1,0.0,0.0,18-19
1628961,0.5,0.0,0.5,0.0,0.0,0.0,0.0,0.0,0.0,0.0,0.0,18-19
1627739,11.7,2.4,5.6,0.438,0.6,0.7,5.5,0.474,4.8,1.3,0.8,18-19
203937,3.7,0.7,1.7,0.451,0.2,0.3,1.7,0.447,1.7,0.4,0.2,18-19
2594,1.0,0.2,0.4,0.464,0.1,0.1,0.4,0.441,0.4,0.1,0.1,18-19
1628398,6.0,1.7,3.1,0.546,0.7,0.9,4.1,0.689,1.7,0.5,0.5,18-19
200768,7.8,1.1,2.1,0.544,0.5,0.6,2.9,0.37,4.5,1.4,0.5,18-19
203124,0.2,0.1,0.1,0.667,0.0,0.0,0.2,1.125,0.0,0.0,0.0,18-19
202681,11.4,3.2,5.9,0.541,1.1,1.3,7.6,0.668,4.0,1.0,0.5,18-19
200746,0.9,0.3,0.6,0.469,0.1,0.1,0.7,0.75,0.2,0.0,0.1,18-19
202362,4.0,0.7,1.5,0.49,0.4,0.6,1.8,0.465,1.7,0.4,0.4,18-19
202498,1.3,0.3,0.8,0.429,0.3,0.3,0.9,0.724,0.2,0.1,0.1,18-19
1629013,1.7,0.3,0.7,0.421,0.1,0.1,0.7,0.422,0.8,0.2,0.1,18-19
204038,2.1,0.4,1.0,0.398,0.2,0.2,1.0,0.488,0.9,0.2,0.1,18-19
1626204,1.8,0.3,0.7,0.449,0.1,0.2,0.8,0.443,0.8,0.2,0.1,18-19
1628374,6.0,1.7,3.6,0.467,0.8,1.0,4.1,0.684,1.3,0.2,0.4,18-19
2544,12.4,3.1,5.9,0.531,1.9,3.0,8.4,0.673,4.0,1.3,0.7,18-19
1629022,1.5,0.2,0.6,0.4,0.4,0.5,0.9,0.577,0.6,0.2,0.0,18-19
1628366,5.0,0.6,1.8,0.345,0.1,0.2,1.3,0.261,2.5,0.8,0.5,18-19
203485,1.7,0.2,0.7,0.222,0.0,0.0,0.3,0.186,0.6,0.1,0.3,18-19
101150,12.3,3.0,6.4,0.472,2.0,2.3,8.3,0.671,3.8,1.2,0.7,18-19
201601,3.0,0.5,1.3,0.4,0.3,1.0,1.5,0.5,1.0,0.5,0.3,18-19
1629029,14.7,2.8,5.7,0.487,1.7,2.5,7.5,0.507,6.4,1.7,0.9,18-19
1628379,4.2,0.6,1.4,0.455,0.1,0.1,1.4,0.327,2.2,0.5,0.4,18-19
1628436,0.9,0.1,0.4,0.25,0.1,0.2,0.3,0.325,0.3,0.0,0.1,18-19
2736,1.3,0.2,0.6,0.308,0.3,0.4,0.6,0.483,0.4,0.0,0.1,18-19
1627781,0.4,0.0,0.1,0.0,0.1,0.2,0.1,0.333,0.2,0.0,0.0,18-19
1627763,10.1,2.7,5.0,0.533,0.9,1.0,6.5,0.636,3.7,0.8,0.6,18-19
1626259,0.4,0.0,0.3,0.0,0.0,0.0,0.0,0.0,0.1,0.0,0.0,18-19
1627736,2.5,0.7,1.5,0.456,0.3,0.4,1.7,0.709,0.5,0.2,0.1,18-19
1628370,5.1,0.7,1.8,0.379,0.6,0.7,2.0,0.398,2.2,0.7,0.6,18-19
202705,4.0,1.1,2.0,0.544,0.2,0.4,2.3,0.586,1.4,0.1,0.3,18-19
201188,1.5,0.4,0.8,0.5,0.2,0.2,0.9,0.625,0.5,0.1,0.1,18-19
101162,0.1,0.0,0.1,0.667,0.0,0.0,0.1,1.0,0.0,0.0,0.0,18-19
201158,2.0,0.4,0.9,0.426,0.3,0.4,1.1,0.548,0.7,0.2,0.1,18-19
1629094,0.0,0.0,0.0,0.0,0.0,0.0,0.0,0.0,0.0,0.0,0.0,18-19
202694,3.1,1.0,1.9,0.514,0.4,0.5,2.5,0.797,0.6,0.1,0.2,18-19
203935,3.5,0.6,1.1,0.495,0.3,0.3,1.4,0.408,1.8,0.6,0.3,18-19
1626209,4.7,1.0,2.6,0.377,0.6,0.8,2.6,0.552,1.2,0.2,0.4,18-19
1628365,7.4,1.8,3.5,0.522,0.6,0.8,4.3,0.582,2.8,0.5,0.5,18-19
202693,1.1,0.2,0.7,0.35,0.1,0.1,0.6,0.563,0.3,0.1,0.0,18-19
1627737,0.7,0.1,0.3,0.25,0.2,0.2,0.3,0.464,0.1,0.0,0.2,18-19
1628963,1.8,0.5,1.1,0.408,0.4,0.4,1.3,0.745,0.2,0.1,0.2,18-19
101107,1.3,0.4,1.0,0.431,0.2,0.2,1.0,0.733,0.2,0.1,0.0,18-19
203486,1.3,0.3,0.5,0.545,0.1,0.2,0.7,0.561,0.5,0.1,0.1,18-19
203521,4.8,0.9,1.9,0.473,0.3,0.5,2.2,0.455,2.2,0.7,0.3,18-19
203090,1.5,0.4,0.8,0.449,0.2,0.3,0.9,0.632,0.4,0.2,0.1,18-19
1628467,1.2,0.3,0.5,0.462,0.1,0.2,0.7,0.56,0.4,0.1,0.1,18-19
1628982,0.8,0.1,0.5,0.2,0.1,0.2,0.3,0.375,0.2,0.0,0.0,18-19
203086,0.4,0.1,0.2,0.5,0.0,0.1,0.2,0.591,0.1,0.1,0.0,18-19
201563,3.7,1.3,2.6,0.493,0.3,0.4,3.0,0.832,0.7,0.2,0.2,18-19
203487,5.9,0.8,2.0,0.393,0.5,1.0,2.1,0.36,2.8,0.5,0.2,18-19
203077,2.1,0.6,1.4,0.411,0.3,0.3,1.4,0.676,0.4,0.1,0.2,18-19
1628969,2.6,0.5,1.2,0.434,0.2,0.3,1.3,0.481,1.0,0.3,0.2,18-19
201144,13.3,2.9,6.1,0.482,2.0,2.2,8.1,0.604,5.2,1.1,0.5,18-19
203488,0.4,0.0,0.2,0.3,0.1,0.1,0.2,0.4,0.2,0.0,0.0,18-19
203118,0.8,0.1,0.4,0.242,0.1,0.1,0.3,0.339,0.2,0.1,0.1,18-19
1628970,2.6,0.7,1.5,0.483,0.3,0.4,1.8,0.698,0.7,0.2,0.2,18-19
203101,0.4,0.2,0.3,0.6,0.0,0.0,0.3,0.857,0.1,0.0,0.1,18-19
1628462,2.7,0.3,0.4,0.667,0.1,0.1,0.7,0.244,1.9,0.5,0.3,18-19
1628249,1.2,0.2,0.6,0.333,0.0,0.0,0.4,0.333,0.6,0.0,0.0,18-19
1629011,0.0,0.0,0.0,0.0,0.0,0.0,0.0,0.0,0.0,0.0,0.0,18-19
1628964,0.4,0.0,0.2,0.182,0.1,0.2,0.2,0.5,0.0,0.0,0.0,18-19
1628420,5.4,1.6,2.8,0.571,0.3,0.3,3.5,0.658,2.2,0.6,0.1,18-19
1626149,1.5,0.5,1.0,0.543,0.3,0.5,1.4,0.919,0.1,0.0,0.1,18-19
1629021,1.5,0.4,0.7,0.5,0.3,0.3,1.0,0.714,0.4,0.0,0.1,18-19
1626167,0.7,0.3,0.4,0.633,0.2,0.3,0.7,0.962,0.1,0.1,0.1,18-19
1628513,2.6,0.3,0.6,0.444,0.1,0.1,0.7,0.27,1.6,0.6,0.2,18-19
202357,2.9,0.6,1.3,0.426,0.2,0.3,1.4,0.458,1.1,0.4,0.3,18-19
2403,0.5,0.1,0.3,0.545,0.0,0.0,0.4,0.682,0.1,0.0,0.0,18-19
203457,0.3,0.1,0.1,0.556,0.1,0.1,0.2,0.947,0.1,0.0,0.0,18-19
201156,0.3,0.0,0.3,0.0,0.0,0.0,0.0,0.0,0.0,0.0,0.0,18-19
201587,3.3,0.7,1.4,0.529,0.2,0.2,1.7,0.522,1.4,0.3,0.3,18-19
203917,2.9,0.5,1.0,0.485,0.2,0.2,1.2,0.403,1.5,0.4,0.2,18-19
203999,3.7,0.9,1.7,0.537,0.5,0.5,2.3,0.619,1.3,0.4,0.3,18-19
202703,1.2,0.2,0.7,0.333,0.2,0.2,0.6,0.527,0.3,0.2,0.0,18-19
202696,2.3,0.7,1.2,0.543,0.3,0.4,1.6,0.7,0.7,0.1,0.2,18-19
203943,2.4,0.6,1.2,0.469,0.4,0.6,1.6,0.69,0.6,0.1,0.3,18-19
1626181,5.1,1.1,2.2,0.515,0.5,0.5,2.7,0.538,2.0,0.4,0.5,18-19
1628384,2.3,0.5,1.0,0.457,0.1,0.2,1.1,0.462,0.9,0.2,0.2,18-19
1627855,0.0,0.0,0.0,0.0,0.0,0.0,0.0,0.0,0.0,0.0,0.0,18-19
1629016,0.7,0.1,0.2,0.273,0.1,0.2,0.3,0.353,0.3,0.1,0.1,18-19
201956,2.1,0.6,1.2,0.465,0.2,0.3,1.4,0.649,0.6,0.1,0.1,18-19
203490,3.0,0.9,1.6,0.522,0.3,0.4,2.1,0.681,1.0,0.3,0.2,18-19
200782,1.3,0.1,0.4,0.343,0.1,0.1,0.4,0.296,0.7,0.2,0.1,18-19
1628408,1.2,0.3,0.5,0.667,0.2,0.3,0.8,0.714,0.5,0.2,0.0,18-19
1627783,7.6,2.1,3.7,0.572,1.2,1.4,5.4,0.706,2.6,0.5,0.5,18-19
1626192,2.4,0.4,0.8,0.469,0.3,0.3,1.0,0.422,1.2,0.3,0.2,18-19
201976,5.0,0.7,1.8,0.406,0.4,0.5,1.8,0.367,2.5,0.6,0.3,18-19
1627775,1.6,0.2,0.6,0.333,0.1,0.1,0.5,0.319,0.8,0.2,0.1,18-19
202335,0.3,0.0,0.1,0.286,0.0,0.0,0.1,0.25,0.1,0.0,0.0,18-19
201988,3.7,0.5,1.0,0.536,0.1,0.2,1.2,0.34,2.3,0.5,0.1,18-19
2200,0.6,0.2,0.4,0.455,0.0,0.0,0.3,0.556,0.2,0.0,0.0,18-19
202331,10.0,2.2,4.5,0.475,1.6,2.1,6.2,0.619,3.3,0.9,0.7,18-19
200794,3.1,0.8,1.7,0.483,0.4,0.7,2.1,0.694,0.7,0.2,0.2,18-19
203112,0.2,0.0,0.0,0.0,0.0,0.0,0.0,0.0,0.2,0.0,0.0,18-19
202347,0.9,0.2,0.3,0.529,0.3,0.4,0.7,0.735,0.3,0.1,0.1,18-19
1626188,2.4,0.5,1.1,0.45,0.1,0.1,1.1,0.453,1.1,0.2,0.2,18-19
1626154,2.0,0.0,1.0,0.0,0.0,0.0,0.0,0.0,1.0,0.0,0.0,18-19
200765,9.9,1.9,4.4,0.433,0.2,0.4,4.1,0.414,4.3,1.2,0.8,18-19
203526,7.1,1.1,2.1,0.519,0.5,0.5,2.7,0.379,3.9,1.1,0.4,18-19
1628959,3.4,0.4,1.2,0.333,0.3,0.7,1.1,0.324,1.7,0.5,0.2,18-19
1629034,0.1,0.0,0.0,0.0,0.1,0.1,0.1,1.0,0.0,0.0,0.0,18-19
101109,2.0,0.4,1.0,0.375,0.1,0.1,0.8,0.431,0.8,0.3,0.1,18-19
203493,2.1,0.4,0.9,0.414,0.1,0.2,0.9,0.44,0.9,0.2,0.2,18-19
202704,8.8,2.0,4.4,0.454,0.7,0.9,4.8,0.55,3.2,0.6,0.5,18-19
1626158,0.8,0.3,0.7,0.478,0.2,0.2,0.8,0.966,0.1,0.0,0.0,18-19
201937,12.0,1.8,3.6,0.492,1.0,1.2,4.6,0.384,6.4,1.8,0.9,18-19
203496,2.3,0.5,1.1,0.425,0.5,0.6,1.5,0.65,0.5,0.1,0.2,18-19
1629057,0.0,0.0,0.0,0.0,0.0,0.0,0.0,0.0,0.0,0.0,0.0,18-19
201577,0.8,0.3,0.5,0.579,0.1,0.1,0.7,0.914,0.2,0.0,0.1,18-19
1629066,3.2,0.8,1.6,0.485,0.5,0.6,2.1,0.667,0.8,0.2,0.3,18-19
203918,4.4,1.1,2.5,0.433,0.7,0.8,2.9,0.662,1.3,0.3,0.1,18-19
203585,4.8,0.9,2.2,0.404,0.2,0.3,2.0,0.416,2.0,0.5,0.4,18-19
1627758,0.7,0.0,0.1,0.0,0.1,0.1,0.1,0.2,0.5,0.2,0.0,18-19
1626178,4.3,1.0,2.3,0.435,0.6,0.9,2.7,0.638,1.1,0.2,0.3,18-19
1626220,2.8,0.4,0.9,0.466,0.2,0.3,1.1,0.38,1.4,0.3,0.3,18-19
200752,4.8,1.6,2.9,0.527,0.6,0.7,3.7,0.775,1.1,0.3,0.3,18-19
203497,0.7,0.2,0.3,0.542,0.1,0.2,0.4,0.63,0.2,0.0,0.1,18-19
201566,18.4,3.0,5.9,0.506,1.5,2.4,7.5,0.409,9.7,2.8,1.3,18-19
201583,0.8,0.2,0.3,0.5,0.2,0.2,0.5,0.619,0.3,0.1,0.1,18-19
1627853,5.2,0.8,1.7,0.5,0.6,0.6,2.2,0.427,3.0,0.8,0.2,18-19
1629151,0.9,0.1,0.2,0.5,0.0,0.0,0.3,0.324,0.5,0.2,0.0,18-19
1626257,0.4,0.1,0.2,0.375,0.1,0.1,0.3,0.692,0.0,0.0,0.0,18-19
1626155,2.0,0.4,1.2,0.333,0.1,0.3,0.9,0.456,0.5,0.1,0.1,18-19
203159,2.3,0.3,0.3,1.0,0.0,0.0,0.5,0.222,1.5,0.5,0.0,18-19
1628400,0.8,0.1,0.3,0.421,0.1,0.2,0.4,0.489,0.2,0.0,0.1,18-19
201586,1.5,0.4,0.9,0.444,0.2,0.3,1.0,0.64,0.4,0.1,0.1,18-19
203552,2.2,0.6,1.1,0.543,0.2,0.2,1.4,0.608,0.8,0.1,0.2,18-19
203894,5.4,0.9,2.2,0.41,1.1,1.2,2.9,0.536,2.1,0.6,0.3,18-19
1628983,10.4,2.0,4.0,0.497,1.0,1.3,5.1,0.492,4.6,1.2,0.8,18-19
1629003,1.6,0.2,0.6,0.25,0.1,0.1,0.4,0.25,0.9,0.2,0.1,18-19
1627885,6.8,1.3,2.9,0.452,0.6,0.8,3.3,0.481,2.9,0.7,0.4,18-19
2733,0.9,0.2,0.5,0.483,0.1,0.1,0.5,0.603,0.3,0.1,0.0,18-19
202714,6.7,1.1,2.7,0.416,0.2,0.4,2.6,0.383,3.2,0.8,0.4,18-19
1628414,0.5,0.1,0.2,0.4,0.1,0.1,0.3,0.486,0.2,0.0,0.1,18-19
1627746,0.3,0.1,0.1,0.667,0.1,0.2,0.3,1.167,0.0,0.0,0.0,18-19
203524,1.1,0.1,0.5,0.182,0.1,0.2,0.3,0.286,0.4,0.2,0.0,18-19
203915,14.1,2.9,5.6,0.521,2.5,3.2,8.6,0.608,5.6,1.0,1.0,18-19
1626169,3.5,0.8,1.6,0.523,0.3,0.3,2.0,0.565,1.2,0.3,0.4,18-19
201939,7.7,1.5,3.0,0.5,0.8,0.9,3.9,0.508,3.6,0.5,0.5,18-19
1628425,2.7,0.7,1.2,0.543,0.2,0.3,1.5,0.578,1.0,0.3,0.3,18-19
203500,0.1,0.0,0.0,0.667,0.0,0.1,0.1,0.545,0.0,0.0,0.0,18-19
1629004,1.5,0.2,0.4,0.467,0.1,0.1,0.4,0.279,0.7,0.3,0.2,18-19
1628388,0.9,0.3,0.6,0.457,0.1,0.1,0.6,0.706,0.2,0.1,0.0,18-19
204456,5.0,1.3,2.5,0.529,0.2,0.2,2.9,0.575,1.9,0.5,0.3,18-19
203933,6.8,2.3,4.9,0.476,1.0,1.2,5.9,0.863,0.9,0.2,0.3,18-19
1628769,1.0,1.0,1.0,1.0,0.0,0.0,2.0,2.0,0.0,0.0,0.0,18-19
201959,0.8,0.3,0.6,0.45,0.0,0.1,0.6,0.727,0.1,0.0,0.1,18-19
1627752,5.7,1.2,2.5,0.485,0.7,0.9,3.2,0.556,2.2,0.5,0.4,18-19
1628390,1.4,0.2,0.4,0.387,0.2,0.3,0.6,0.398,0.7,0.2,0.1,18-19
203093,0.5,0.0,0.0,0.0,0.0,0.0,0.0,0.0,0.5,0.0,0.0,18-19
203082,2.1,0.5,1.2,0.432,0.1,0.1,1.1,0.527,0.6,0.2,0.2,18-19
1626179,4.9,0.9,2.2,0.42,0.3,0.4,2.2,0.436,2.2,0.4,0.2,18-19
200757,1.1,0.2,0.5,0.435,0.1,0.1,0.5,0.426,0.5,0.1,0.1,18-19
201152,1.8,0.5,1.0,0.506,0.2,0.2,1.1,0.617,0.6,0.1,0.1,18-19
1629033,2.4,0.3,0.8,0.4,0.4,0.6,1.1,0.465,0.9,0.2,0.4,18-19
1628418,0.4,0.1,0.2,0.6,0.0,0.0,0.3,0.731,0.1,0.0,0.0,18-19
1629118,0.1,0.0,0.0,0.0,0.0,0.0,0.0,0.0,0.0,0.0,0.1,18-19
1627748,0.3,0.0,0.1,0.5,0.1,0.2,0.2,0.619,0.1,0.0,0.0,18-19
204025,3.5,0.5,1.1,0.477,0.3,0.4,1.3,0.377,1.9,0.6,0.2,18-19
203501,5.4,1.3,3.0,0.42,1.0,1.1,3.6,0.659,1.4,0.3,0.2,18-19
1627789,1.7,0.3,0.9,0.395,0.2,0.2,0.9,0.529,0.6,0.1,0.1,18-19
202699,8.8,2.3,4.6,0.503,1.1,1.2,5.8,0.662,3.0,0.6,0.5,18-19
203107,6.9,1.0,2.3,0.456,0.7,0.9,2.8,0.407,3.6,1.0,0.4,18-19
1628396,0.3,0.0,0.3,0.0,0.0,0.0,0.0,0.0,0.0,0.0,0.0,18-19
2225,10.2,2.0,3.9,0.519,0.9,1.2,5.0,0.489,4.7,1.3,0.7,18-19
203503,1.8,0.5,1.1,0.474,0.1,0.1,1.1,0.629,0.6,0.1,0.1,18-19
1628470,0.8,0.2,0.4,0.419,0.1,0.1,0.4,0.476,0.3,0.0,0.1,18-19
1629027,17.6,3.3,6.6,0.502,1.8,2.1,8.4,0.48,8.0,2.4,1.5,18-19
1626203,2.3,0.6,1.0,0.571,0.2,0.2,1.3,0.595,1.0,0.3,0.1,18-19
1628979,2.0,0.3,0.7,0.5,0.0,0.0,0.7,0.333,1.3,0.7,0.0,18-19
2772,6.0,0.8,2.1,0.375,0.6,0.6,2.2,0.37,3.0,0.7,0.4,18-19
203504,7.6,1.7,3.7,0.465,0.9,1.1,4.5,0.587,2.9,0.6,0.3,18-19
1626168,2.7,0.7,1.6,0.44,0.4,0.4,1.8,0.649,0.7,0.2,0.3,18-19
202684,1.8,0.7,1.2,0.6,0.3,0.4,1.7,0.911,0.3,0.0,0.1,18-19
1628972,2.5,0.5,1.4,0.333,0.3,0.4,1.3,0.508,0.7,0.2,0.2,18-19
1628505,0.3,0.3,0.3,1.0,0.0,0.0,0.5,2.0,0.0,0.0,0.0,18-19
203584,0.5,0.1,0.4,0.263,0.1,0.1,0.3,0.536,0.1,0.0,0.0,18-19
1627786,1.1,0.2,0.8,0.313,0.0,0.1,0.5,0.458,0.3,0.0,0.0,18-19
1628463,0.3,0.0,0.1,0.0,0.2,0.2,0.2,0.667,0.1,0.0,0.0,18-19
1629093,0.0,0.0,0.0,0.0,0.0,0.0,0.0,0.0,0.0,0.0,0.0,18-19
1628416,3.7,0.6,1.4,0.463,0.3,0.5,1.7,0.453,1.8,0.3,0.2,18-19
204020,6.8,1.1,2.6,0.397,0.6,0.8,2.8,0.408,3.1,0.6,0.5,18-19
1628399,0.1,0.0,0.1,0.0,0.0,0.0,0.0,0.0,0.0,0.0,0.0,18-19
1627755,0.0,0.0,0.0,0.0,0.0,0.0,0.0,0.0,0.0,0.0,0.0,18-19
203092,0.2,0.2,0.2,1.0,0.0,0.0,0.3,2.0,0.0,0.0,0.0,18-19
201936,6.5,1.1,3.0,0.361,0.6,0.9,2.8,0.426,2.3,0.6,0.6,18-19
1627820,2.8,0.6,1.5,0.415,0.2,0.3,1.5,0.52,0.9,0.1,0.1,18-19
2199,0.0,0.0,0.0,0.0,0.0,0.0,0.0,0.0,0.0,0.0,0.0,18-19
1626145,4.6,1.1,2.7,0.405,0.4,0.4,2.6,0.559,1.5,0.5,0.2,18-19
2617,0.2,0.0,0.0,0.0,0.3,0.4,0.3,1.5,0.0,0.0,0.0,18-19
203506,9.5,1.8,4.3,0.423,1.2,1.7,5.0,0.525,3.4,0.9,0.6,18-19
1713,1.6,0.4,0.9,0.508,0.1,0.2,1.0,0.605,0.5,0.1,0.1,18-19
1629053,0.0,0.0,0.0,0.0,0.0,0.0,0.0,0.0,0.0,0.0,0.0,18-19
1627735,2.7,0.4,1.1,0.333,0.1,0.1,0.9,0.326,1.2,0.2,0.3,18-19
1627215,17.7,3.5,8.3,0.42,1.0,1.3,8.0,0.453,7.5,1.5,1.0,18-19
201961,1.9,0.4,0.8,0.475,0.1,0.2,0.8,0.446,0.9,0.2,0.1,18-19
1627782,4.4,0.9,2.1,0.424,0.4,0.5,2.3,0.512,1.6,0.4,0.4,18-19
1628976,0.3,0.1,0.2,0.444,0.1,0.1,0.3,0.933,0.1,0.0,0.0,18-19
1628411,1.8,0.2,0.9,0.271,0.4,0.4,0.8,0.452,0.6,0.1,0.1,18-19
202325,0.2,0.1,0.1,0.5,0.1,0.1,0.2,0.875,0.0,0.0,0.0,18-19
202083,3.7,0.7,1.7,0.375,0.4,0.5,1.7,0.476,1.4,0.5,0.2,18-19
203115,6.6,1.3,3.1,0.417,0.7,0.9,3.3,0.496,2.7,0.5,0.3,18-19
1626161,1.7,0.4,1.0,0.37,0.3,0.5,1.1,0.632,0.3,0.0,0.1,18-19
1626195,0.3,0.1,0.1,0.833,0.1,0.2,0.3,0.947,0.0,0.0,0.1,18-19
201163,1.7,0.4,0.7,0.568,0.2,0.2,1.0,0.588,0.7,0.2,0.2,18-19
1628999,0.5,0.0,0.5,0.0,0.0,0.0,0.0,0.0,0.0,0.0,0.0,18-19
1627812,3.6,0.7,1.3,0.521,0.3,0.4,1.7,0.475,1.8,0.4,0.1,18-19
1629139,1.6,0.3,0.7,0.364,0.1,0.1,0.7,0.417,0.6,0.1,0.2,18-19
1628380,0.6,0.2,0.3,0.565,0.1,0.1,0.5,0.795,0.2,0.0,0.0,18-19
203897,13.6,3.3,6.7,0.496,2.6,3.2,9.5,0.702,4.0,0.8,1.0,18-19
1629155,1.0,0.0,0.0,0.0,0.0,0.0,0.0,0.0,1.0,0.0,0.0,18-19
2585,0.4,0.1,0.1,0.667,0.1,0.1,0.3,0.692,0.1,0.0,0.0,18-19
1629015,2.3,0.5,1.0,0.5,0.2,0.3,1.2,0.5,0.7,0.0,0.3,18-19
1627753,0.0,0.0,0.0,0.0,0.0,0.0,0.0,0.0,0.0,0.0,0.0,18-19
